subject,implant,electrode,task,stim_type,stim_dur,stim_freq,stim_amp,pulse_type,pulse_dur,pulse_num,interphase_dur,delay_dur,ref_stim_type,ref_freq,ref_amp,ref_amp_factor,ref_pulse_dur,ref_interphase_dur,theta,source
S05,ArgusI,C3,threshold,single_pulse,200.0,,179.79275457184326,cathodic_first,0.075,1.0,0.075,,,,,,,,110.3,fig_3
S05,ArgusI,C3,threshold,single_pulse,200.0,,97.39168913590723,cathodic_first,0.15,1.0,0.15,,,,,,,,110.3,fig_3
S05,ArgusI,C3,threshold,single_pulse,200.0,,64.690442704251,cathodic_first,0.22,1.0,0.22,,,,,,,,110.3,fig_3
S05,ArgusI,C3,threshold,single_pulse,200.0,,33.03917114198515,cathodic_first,0.53,1.0,0.53,,,,,,,,110.3,fig_3
S05,ArgusI,C3,threshold,single_pulse,200.0,,29.333355116487457,cathodic_first,0.75,1.0,0.75,,,,,,,,110.3,fig_3
S05,ArgusI,C3,threshold,single_pulse,200.0,,24.72130314516129,cathodic_first,0.95,1.0,0.95,,,,,,,,110.3,fig_3
S05,ArgusI,C3,threshold,single_pulse,200.0,,18.34451129415489,cathodic_first,2.0,1.0,2.0,,,,,,,,110.3,fig_3
S05,ArgusI,C3,threshold,single_pulse,200.0,,14.649325176468814,cathodic_first,4.0,1.0,4.0,,,,,,,,110.3,fig_3
S06,ArgusI,A1,threshold,single_pulse,200.0,,86.58250943452768,cathodic_first,0.075,1.0,0.075,,,,,,,,10.0,fig_3
S06,ArgusI,A1,threshold,single_pulse,200.0,,51.16361041172639,cathodic_first,0.15,1.0,0.15,,,,,,,,10.0,fig_3
S06,ArgusI,A1,threshold,single_pulse,200.0,,38.50683557582357,cathodic_first,0.22,1.0,0.22,,,,,,,,10.0,fig_3
S06,ArgusI,A1,threshold,single_pulse,200.0,,25.109268143037216,cathodic_first,0.53,1.0,0.53,,,,,,,,10.0,fig_3
S06,ArgusI,A1,threshold,single_pulse,200.0,,21.029889457789977,cathodic_first,0.75,1.0,0.75,,,,,,,,10.0,fig_3
S06,ArgusI,A1,threshold,single_pulse,200.0,,22.921986843631093,cathodic_first,0.95,1.0,0.95,,,,,,,,10.0,fig_3
S06,ArgusI,A1,threshold,single_pulse,200.0,,15.532262275182712,cathodic_first,2.0,1.0,2.0,,,,,,,,10.0,fig_3
S06,ArgusI,A1,threshold,single_pulse,200.0,,16.997407917836632,cathodic_first,4.0,1.0,4.0,,,,,,,,10.0,fig_3
S05,ArgusI,B3,threshold,single_pulse,200.0,,208.826232533806,cathodic_first,0.075,1.0,0.075,,,,,,,,143.0,fig_s2.1
S05,ArgusI,B3,threshold,single_pulse,200.0,,125.12908798870949,cathodic_first,0.15,1.0,0.15,,,,,,,,143.0,fig_s2.1
S05,ArgusI,B3,threshold,single_pulse,200.0,,69.97245057817588,cathodic_first,0.22,1.0,0.22,,,,,,,,143.0,fig_s2.1
S05,ArgusI,B3,threshold,single_pulse,200.0,,48.19545597041189,cathodic_first,0.53,1.0,0.53,,,,,,,,143.0,fig_s2.1
S05,ArgusI,B3,threshold,single_pulse,200.0,,37.9117321763339,cathodic_first,0.75,1.0,0.75,,,,,,,,143.0,fig_s2.1
S05,ArgusI,B3,threshold,single_pulse,200.0,,34.09405619168403,cathodic_first,0.95,1.0,0.95,,,,,,,,143.0,fig_s2.1
S05,ArgusI,B3,threshold,single_pulse,200.0,,27.25449939636843,cathodic_first,2.0,1.0,2.0,,,,,,,,143.0,fig_s2.1
S05,ArgusI,B3,threshold,single_pulse,200.0,,21.510001800612716,cathodic_first,4.0,1.0,4.0,,,,,,,,143.0,fig_s2.1
S05,ArgusI,C2,threshold,single_pulse,200.0,,231.46460288432988,cathodic_first,0.075,1.0,0.075,,,,,,,,14.0,fig_s2.1
S05,ArgusI,C2,threshold,single_pulse,200.0,,96.85259046699964,cathodic_first,0.15,1.0,0.15,,,,,,,,14.0,fig_s2.1
S05,ArgusI,C2,threshold,single_pulse,200.0,,64.23793334943639,cathodic_first,0.22,1.0,0.22,,,,,,,,14.0,fig_s2.1
S05,ArgusI,C2,threshold,single_pulse,200.0,,33.58197188912638,cathodic_first,0.53,1.0,0.53,,,,,,,,14.0,fig_s2.1
S05,ArgusI,C2,threshold,single_pulse,200.0,,23.452415884647934,cathodic_first,0.75,1.0,0.75,,,,,,,,14.0,fig_s2.1
S05,ArgusI,C2,threshold,single_pulse,200.0,,24.452538099558147,cathodic_first,0.95,1.0,0.95,,,,,,,,14.0,fig_s2.1
S05,ArgusI,C2,threshold,single_pulse,200.0,,16.940918229028373,cathodic_first,2.0,1.0,2.0,,,,,,,,14.0,fig_s2.1
S05,ArgusI,C2,threshold,single_pulse,200.0,,11.46668314921733,cathodic_first,4.0,1.0,4.0,,,,,,,,14.0,fig_s2.1
S06,ArgusI,B1,threshold,single_pulse,200.0,,124.04947730672323,cathodic_first,0.075,1.0,0.075,,,,,,,,50.05,fig_s2.1
S06,ArgusI,B1,threshold,single_pulse,200.0,,71.76388521018433,cathodic_first,0.15,1.0,0.15,,,,,,,,50.05,fig_s2.1
S06,ArgusI,B1,threshold,single_pulse,200.0,,55.525320441777325,cathodic_first,0.22,1.0,0.22,,,,,,,,50.05,fig_s2.1
S06,ArgusI,B1,threshold,single_pulse,200.0,,36.05263108589735,cathodic_first,0.53,1.0,0.53,,,,,,,,50.05,fig_s2.1
S06,ArgusI,B1,threshold,single_pulse,200.0,,33.33289773232775,cathodic_first,0.75,1.0,0.75,,,,,,,,50.05,fig_s2.1
S06,ArgusI,B1,threshold,single_pulse,200.0,,24.882477113240427,cathodic_first,0.95,1.0,0.95,,,,,,,,50.05,fig_s2.1
S06,ArgusI,B1,threshold,single_pulse,200.0,,23.411462407511106,cathodic_first,2.0,1.0,2.0,,,,,,,,50.05,fig_s2.1
S06,ArgusI,B1,threshold,single_pulse,200.0,,20.65278666324567,cathodic_first,4.0,1.0,4.0,,,,,,,,50.05,fig_s2.1
S06,ArgusI,C2,threshold,single_pulse,200.0,,382.7882257631578,cathodic_first,0.075,1.0,0.075,,,,,,,,1612.5,fig_s2.1
S06,ArgusI,C2,threshold,single_pulse,200.0,,222.8074748501,cathodic_first,0.15,1.0,0.15,,,,,,,,1612.5,fig_s2.1
S06,ArgusI,C2,threshold,single_pulse,200.0,,153.10332161892072,cathodic_first,0.22,1.0,0.22,,,,,,,,1612.5,fig_s2.1
S06,ArgusI,C2,threshold,single_pulse,200.0,,82.70605983687287,cathodic_first,0.53,1.0,0.53,,,,,,,,1612.5,fig_s2.1
S06,ArgusI,C2,threshold,single_pulse,200.0,,69.11338805502714,cathodic_first,0.75,1.0,0.75,,,,,,,,1612.5,fig_s2.1
S06,ArgusI,C2,threshold,single_pulse,200.0,,44.675045364914396,cathodic_first,0.95,1.0,0.95,,,,,,,,1612.5,fig_s2.1
S06,ArgusI,C2,threshold,single_pulse,200.0,,31.398786627229928,cathodic_first,2.0,1.0,2.0,,,,,,,,1612.5,fig_s2.1
S06,ArgusI,C2,threshold,single_pulse,200.0,,24.53425491266105,cathodic_first,4.0,1.0,4.0,,,,,,,,1612.5,fig_s2.1
S05,ArgusI,A1,threshold,single_pulse,200.0,,148.77856709940252,cathodic_first,0.075,1.0,0.075,,,,,,,,11.2,fig_s3.1
S05,ArgusI,A1,threshold,single_pulse,200.0,,79.96315428028245,cathodic_first,0.15,1.0,0.15,,,,,,,,11.2,fig_s3.1
S05,ArgusI,A1,threshold,single_pulse,200.0,,67.74712627345157,cathodic_first,0.22,1.0,0.22,,,,,,,,11.2,fig_s3.1
S05,ArgusI,A1,threshold,single_pulse,200.0,,33.77329961130742,cathodic_first,0.53,1.0,0.53,,,,,,,,11.2,fig_s3.1
S05,ArgusI,A1,threshold,single_pulse,200.0,,32.349212421699995,cathodic_first,0.75,1.0,0.75,,,,,,,,11.2,fig_s3.1
S05,ArgusI,A1,threshold,single_pulse,200.0,,27.94616595080031,cathodic_first,0.95,1.0,0.95,,,,,,,,11.2,fig_s3.1
S05,ArgusI,A1,threshold,single_pulse,200.0,,27.689017073530984,cathodic_first,2.0,1.0,2.0,,,,,,,,11.2,fig_s3.1
S05,ArgusI,A1,threshold,single_pulse,200.0,,23.040250840356226,cathodic_first,4.0,1.0,4.0,,,,,,,,11.2,fig_s3.1
S05,ArgusI,C4,threshold,single_pulse,200.0,,203.04070490872206,cathodic_first,0.075,1.0,0.075,,,,,,,,140.0,fig_s3.1
S05,ArgusI,C4,threshold,single_pulse,200.0,,96.60202647557004,cathodic_first,0.15,1.0,0.15,,,,,,,,140.0,fig_s3.1
S05,ArgusI,C4,threshold,single_pulse,200.0,,70.17808901628665,cathodic_first,0.22,1.0,0.22,,,,,,,,140.0,fig_s3.1
S05,ArgusI,C4,threshold,single_pulse,200.0,,38.053084348406614,cathodic_first,0.53,1.0,0.53,,,,,,,,140.0,fig_s3.1
S05,ArgusI,C4,threshold,single_pulse,200.0,,31.738209684813754,cathodic_first,0.75,1.0,0.75,,,,,,,,140.0,fig_s3.1
S05,ArgusI,C4,threshold,single_pulse,200.0,,30.037968633283306,cathodic_first,0.95,1.0,0.95,,,,,,,,140.0,fig_s3.1
S05,ArgusI,C4,threshold,single_pulse,200.0,,21.48353725119853,cathodic_first,2.0,1.0,2.0,,,,,,,,140.0,fig_s3.1
S05,ArgusI,C4,threshold,single_pulse,200.0,,15.894556776569555,cathodic_first,4.0,1.0,4.0,,,,,,,,140.0,fig_s3.1
S06,ArgusI,B2,threshold,single_pulse,200.0,,178.2569619471154,cathodic_first,0.075,1.0,0.075,,,,,,,,132.0,fig_s3.1
S06,ArgusI,B2,threshold,single_pulse,200.0,,110.99915291799364,cathodic_first,0.15,1.0,0.15,,,,,,,,132.0,fig_s3.1
S06,ArgusI,B2,threshold,single_pulse,200.0,,79.13500615578556,cathodic_first,0.22,1.0,0.22,,,,,,,,132.0,fig_s3.1
S06,ArgusI,B2,threshold,single_pulse,200.0,,51.473694320672514,cathodic_first,0.53,1.0,0.53,,,,,,,,132.0,fig_s3.1
S06,ArgusI,B2,threshold,single_pulse,200.0,,40.20897973944808,cathodic_first,0.75,1.0,0.75,,,,,,,,132.0,fig_s3.1
S06,ArgusI,B2,threshold,single_pulse,200.0,,33.70701190228377,cathodic_first,0.95,1.0,0.95,,,,,,,,132.0,fig_s3.1
S06,ArgusI,B2,threshold,single_pulse,200.0,,30.304011174089066,cathodic_first,2.0,1.0,2.0,,,,,,,,132.0,fig_s3.1
S06,ArgusI,B2,threshold,single_pulse,200.0,,25.577915817342358,cathodic_first,4.0,1.0,4.0,,,,,,,,132.0,fig_s3.1
S06,ArgusI,D1,threshold,single_pulse,200.0,,445.88031167651803,cathodic_first,0.075,1.0,0.075,,,,,,,,132.0,fig_s3.1
S06,ArgusI,D1,threshold,single_pulse,200.0,,190.2639301558515,cathodic_first,0.15,1.0,0.15,,,,,,,,132.0,fig_s3.1
S06,ArgusI,D1,threshold,single_pulse,200.0,,132.7295524881763,cathodic_first,0.22,1.0,0.22,,,,,,,,132.0,fig_s3.1
S06,ArgusI,D1,threshold,single_pulse,200.0,,66.03667863319946,cathodic_first,0.53,1.0,0.53,,,,,,,,132.0,fig_s3.1
S06,ArgusI,D1,threshold,single_pulse,200.0,,51.3439324897811,cathodic_first,0.75,1.0,0.75,,,,,,,,132.0,fig_s3.1
S06,ArgusI,D1,threshold,single_pulse,200.0,,43.346530364247435,cathodic_first,0.95,1.0,0.95,,,,,,,,132.0,fig_s3.1
S06,ArgusI,D1,threshold,single_pulse,200.0,,35.26843791274802,cathodic_first,2.0,1.0,2.0,,,,,,,,132.0,fig_s3.1
S06,ArgusI,D1,threshold,single_pulse,200.0,,27.638849351027197,cathodic_first,4.0,1.0,4.0,,,,,,,,132.0,fig_s3.1
S05,ArgusI,C3,threshold,fixed_duration,200.0,5.0,141.2573789624399,cathodic_first,0.075,,0.075,,,,,,,,36.3,fig_4
S05,ArgusI,C3,threshold,fixed_duration,200.0,15.0,126.14988865495316,cathodic_first,0.075,,0.075,,,,,,,,36.3,fig_4
S05,ArgusI,C3,threshold,fixed_duration,200.0,45.0,99.21370417883823,cathodic_first,0.075,,0.075,,,,,,,,36.3,fig_4
S05,ArgusI,C3,threshold,fixed_duration,200.0,76.0,81.9022520981097,cathodic_first,0.075,,0.075,,,,,,,,36.3,fig_4
S05,ArgusI,C3,threshold,fixed_duration,200.0,135.0,76.34653698902567,cathodic_first,0.075,,0.075,,,,,,,,36.3,fig_4
S05,ArgusI,C3,threshold,fixed_duration,200.0,225.0,66.96773078476113,cathodic_first,0.075,,0.075,,,,,,,,36.3,fig_4
S05,ArgusI,C3,threshold,fixed_duration,200.0,5.0,24.85981,cathodic_first,0.975,,0.975,,,,,,,,307.5,fig_4
S05,ArgusI,C3,threshold,fixed_duration,200.0,15.0,22.61915818159667,cathodic_first,0.975,,0.975,,,,,,,,307.5,fig_4
S05,ArgusI,C3,threshold,fixed_duration,200.0,45.0,23.059620749726392,cathodic_first,0.975,,0.975,,,,,,,,307.5,fig_4
S05,ArgusI,C3,threshold,fixed_duration,200.0,76.0,24.82132849704493,cathodic_first,0.975,,0.975,,,,,,,,307.5,fig_4
S05,ArgusI,C3,threshold,fixed_duration,200.0,135.0,23.84623999485607,cathodic_first,0.975,,0.975,,,,,,,,307.5,fig_4
S05,ArgusI,C3,threshold,fixed_duration,200.0,225.0,19.07939904220845,cathodic_first,0.975,,0.975,,,,,,,,307.5,fig_4
S06,ArgusI,A1,threshold,fixed_duration,200.0,5.0,78.77701899559848,cathodic_first,0.075,,0.075,,,,,,,,6.1,fig_4
S06,ArgusI,A1,threshold,fixed_duration,200.0,15.0,73.04035207300198,cathodic_first,0.075,,0.075,,,,,,,,6.1,fig_4
S06,ArgusI,A1,threshold,fixed_duration,200.0,45.0,58.63579108306645,cathodic_first,0.075,,0.075,,,,,,,,6.1,fig_4
S06,ArgusI,A1,threshold,fixed_duration,200.0,76.0,55.70067876517662,cathodic_first,0.075,,0.075,,,,,,,,6.1,fig_4
S06,ArgusI,A1,threshold,fixed_duration,200.0,135.0,53.82585042146014,cathodic_first,0.075,,0.075,,,,,,,,6.1,fig_4
S06,ArgusI,A1,threshold,fixed_duration,200.0,225.0,50.68040643441569,cathodic_first,0.075,,0.075,,,,,,,,6.1,fig_4
S06,ArgusI,A1,threshold,fixed_duration,200.0,5.0,20.51724,cathodic_first,0.975,,0.975,,,,,,,,94.5,fig_4
S06,ArgusI,A1,threshold,fixed_duration,200.0,15.0,16.83908,cathodic_first,0.975,,0.975,,,,,,,,94.5,fig_4
S06,ArgusI,A1,threshold,fixed_duration,200.0,45.0,15.231986560881559,cathodic_first,0.975,,0.975,,,,,,,,94.5,fig_4
S06,ArgusI,A1,threshold,fixed_duration,200.0,76.0,14.671861282251198,cathodic_first,0.975,,0.975,,,,,,,,94.5,fig_4
S06,ArgusI,A1,threshold,fixed_duration,200.0,135.0,13.49179496031092,cathodic_first,0.975,,0.975,,,,,,,,94.5,fig_4
S06,ArgusI,A1,threshold,fixed_duration,200.0,225.0,12.227548987369888,cathodic_first,0.975,,0.975,,,,,,,,94.5,fig_4
S05,ArgusI,B3,threshold,fixed_duration,200.0,5.0,112.83784,cathodic_first,0.075,,0.075,,,,,,,,21.1,fig_s2.3
S05,ArgusI,B3,threshold,fixed_duration,200.0,15.0,92.85778036618125,cathodic_first,0.075,,0.075,,,,,,,,21.1,fig_s2.3
S05,ArgusI,B3,threshold,fixed_duration,200.0,45.0,70.27027,cathodic_first,0.075,,0.075,,,,,,,,21.1,fig_s2.3
S05,ArgusI,B3,threshold,fixed_duration,200.0,76.0,76.10237216325126,cathodic_first,0.075,,0.075,,,,,,,,21.1,fig_s2.3
S05,ArgusI,B3,threshold,fixed_duration,200.0,135.0,61.48649,cathodic_first,0.075,,0.075,,,,,,,,21.1,fig_s2.3
S05,ArgusI,B3,threshold,fixed_duration,200.0,225.0,61.48649,cathodic_first,0.075,,0.075,,,,,,,,21.1,fig_s2.3
S05,ArgusI,C2,threshold,fixed_duration,200.0,5.0,214.01842065352955,cathodic_first,0.075,,0.075,,,,,,,,10.5,fig_s2.3
S05,ArgusI,C2,threshold,fixed_duration,200.0,15.0,190.5697241324061,cathodic_first,0.075,,0.075,,,,,,,,10.5,fig_s2.3
S05,ArgusI,C2,threshold,fixed_duration,200.0,45.0,132.41991467012258,cathodic_first,0.075,,0.075,,,,,,,,10.5,fig_s2.3
S05,ArgusI,C2,threshold,fixed_duration,200.0,76.0,105.64779149590521,cathodic_first,0.075,,0.075,,,,,,,,10.5,fig_s2.3
S05,ArgusI,C2,threshold,fixed_duration,200.0,135.0,94.06426048185075,cathodic_first,0.075,,0.075,,,,,,,,10.5,fig_s2.3
S05,ArgusI,C2,threshold,fixed_duration,200.0,225.0,90.7535850534155,cathodic_first,0.075,,0.075,,,,,,,,10.5,fig_s2.3
S06,ArgusI,B1,threshold,fixed_duration,200.0,5.0,202.5041276759717,cathodic_first,0.075,,0.075,,,,,,,,2500.0,fig_s2.3
S06,ArgusI,B1,threshold,fixed_duration,200.0,15.0,177.65990097737188,cathodic_first,0.075,,0.075,,,,,,,,2500.0,fig_s2.3
S06,ArgusI,B1,threshold,fixed_duration,200.0,45.0,159.67714999075184,cathodic_first,0.075,,0.075,,,,,,,,2500.0,fig_s2.3
S06,ArgusI,B1,threshold,fixed_duration,200.0,76.0,141.68166172899112,cathodic_first,0.075,,0.075,,,,,,,,2500.0,fig_s2.3
S06,ArgusI,B1,threshold,fixed_duration,200.0,135.0,131.02515114942437,cathodic_first,0.075,,0.075,,,,,,,,2500.0,fig_s2.3
S06,ArgusI,B1,threshold,fixed_duration,200.0,225.0,120.28857521245311,cathodic_first,0.075,,0.075,,,,,,,,2500.0,fig_s2.3
S06,ArgusI,C2,threshold,fixed_duration,200.0,5.0,269.7886218455233,cathodic_first,0.075,,0.075,,,,,,,,230.0,fig_s2.3
S06,ArgusI,C2,threshold,fixed_duration,200.0,15.0,253.36728585883083,cathodic_first,0.075,,0.075,,,,,,,,230.0,fig_s2.3
S06,ArgusI,C2,threshold,fixed_duration,200.0,45.0,159.64559995654068,cathodic_first,0.075,,0.075,,,,,,,,230.0,fig_s2.3
S06,ArgusI,C2,threshold,fixed_duration,200.0,76.0,159.75295572564934,cathodic_first,0.075,,0.075,,,,,,,,230.0,fig_s2.3
S06,ArgusI,C2,threshold,fixed_duration,200.0,135.0,135.2108570450764,cathodic_first,0.075,,0.075,,,,,,,,230.0,fig_s2.3
S06,ArgusI,C2,threshold,fixed_duration,200.0,225.0,128.4889237339787,cathodic_first,0.075,,0.075,,,,,,,,230.0,fig_s2.3
S05,ArgusI,B3,threshold,fixed_duration,200.0,5.0,29.58594938281533,cathodic_first,0.975,,0.975,,,,,,,,147.0,fig_s2.4
S05,ArgusI,B3,threshold,fixed_duration,200.0,15.0,23.7101,cathodic_first,0.975,,0.975,,,,,,,,147.0,fig_s2.4
S05,ArgusI,B3,threshold,fixed_duration,200.0,45.0,23.879281037068612,cathodic_first,0.975,,0.975,,,,,,,,147.0,fig_s2.4
S05,ArgusI,B3,threshold,fixed_duration,200.0,76.0,22.32266155675345,cathodic_first,0.975,,0.975,,,,,,,,147.0,fig_s2.4
S05,ArgusI,B3,threshold,fixed_duration,200.0,135.0,19.366059907196256,cathodic_first,0.975,,0.975,,,,,,,,147.0,fig_s2.4
S05,ArgusI,B3,threshold,fixed_duration,200.0,225.0,18.98984464210681,cathodic_first,0.975,,0.975,,,,,,,,147.0,fig_s2.4
S05,ArgusI,C2,threshold,fixed_duration,200.0,5.0,24.8348519305534,cathodic_first,0.975,,0.975,,,,,,,,54.0,fig_s2.4
S05,ArgusI,C2,threshold,fixed_duration,200.0,15.0,23.125,cathodic_first,0.975,,0.975,,,,,,,,54.0,fig_s2.4
S05,ArgusI,C2,threshold,fixed_duration,200.0,45.0,22.519215289101467,cathodic_first,0.975,,0.975,,,,,,,,54.0,fig_s2.4
S05,ArgusI,C2,threshold,fixed_duration,200.0,76.0,20.97448837978905,cathodic_first,0.975,,0.975,,,,,,,,54.0,fig_s2.4
S05,ArgusI,C2,threshold,fixed_duration,200.0,135.0,20.9375,cathodic_first,0.975,,0.975,,,,,,,,54.0,fig_s2.4
S05,ArgusI,C2,threshold,fixed_duration,200.0,225.0,20.36345538866872,cathodic_first,0.975,,0.975,,,,,,,,54.0,fig_s2.4
S06,ArgusI,B1,threshold,fixed_duration,200.0,5.0,23.0,cathodic_first,0.975,,0.975,,,,,,,,2900.0,fig_s2.4
S06,ArgusI,B1,threshold,fixed_duration,200.0,15.0,25.16667,cathodic_first,0.975,,0.975,,,,,,,,2900.0,fig_s2.4
S06,ArgusI,B1,threshold,fixed_duration,200.0,45.0,25.082054397532968,cathodic_first,0.975,,0.975,,,,,,,,2900.0,fig_s2.4
S06,ArgusI,B1,threshold,fixed_duration,200.0,76.0,22.673539972762995,cathodic_first,0.975,,0.975,,,,,,,,2900.0,fig_s2.4
S06,ArgusI,B1,threshold,fixed_duration,200.0,135.0,25.738137241310085,cathodic_first,0.975,,0.975,,,,,,,,2900.0,fig_s2.4
S06,ArgusI,B1,threshold,fixed_duration,200.0,225.0,22.615846117960626,cathodic_first,0.975,,0.975,,,,,,,,2900.0,fig_s2.4
S06,ArgusI,C2,threshold,fixed_duration,200.0,5.0,34.34280268196811,cathodic_first,0.975,,0.975,,,,,,,,900.0,fig_s2.4
S06,ArgusI,C2,threshold,fixed_duration,200.0,15.0,34.081033690562336,cathodic_first,0.975,,0.975,,,,,,,,900.0,fig_s2.4
S06,ArgusI,C2,threshold,fixed_duration,200.0,45.0,30.220955082589764,cathodic_first,0.975,,0.975,,,,,,,,900.0,fig_s2.4
S06,ArgusI,C2,threshold,fixed_duration,200.0,76.0,30.33240794804802,cathodic_first,0.975,,0.975,,,,,,,,900.0,fig_s2.4
S06,ArgusI,C2,threshold,fixed_duration,200.0,135.0,26.765163628123275,cathodic_first,0.975,,0.975,,,,,,,,900.0,fig_s2.4
S06,ArgusI,C2,threshold,fixed_duration,200.0,225.0,25.02957884298099,cathodic_first,0.975,,0.975,,,,,,,,900.0,fig_s2.4
S05,ArgusI,A1,threshold,fixed_duration,200.0,5.0,106.2999125062611,cathodic_first,0.075,,0.075,,,,,,,,10.5,fig_s3.3
S05,ArgusI,A1,threshold,fixed_duration,200.0,15.0,91.2036139319056,cathodic_first,0.075,,0.075,,,,,,,,10.5,fig_s3.3
S05,ArgusI,A1,threshold,fixed_duration,200.0,45.0,68.22143430719275,cathodic_first,0.075,,0.075,,,,,,,,10.5,fig_s3.3
S05,ArgusI,A1,threshold,fixed_duration,200.0,76.0,59.20126449696485,cathodic_first,0.075,,0.075,,,,,,,,10.5,fig_s3.3
S05,ArgusI,A1,threshold,fixed_duration,200.0,135.0,56.12674159089971,cathodic_first,0.075,,0.075,,,,,,,,10.5,fig_s3.3
S05,ArgusI,A1,threshold,fixed_duration,200.0,225.0,50.45906469827232,cathodic_first,0.075,,0.075,,,,,,,,10.5,fig_s3.3
S05,ArgusI,C4,threshold,fixed_duration,200.0,5.0,179.23695054802002,cathodic_first,0.075,,0.075,,,,,,,,49.5,fig_s3.3
S05,ArgusI,C4,threshold,fixed_duration,200.0,15.0,128.4292139572301,cathodic_first,0.075,,0.075,,,,,,,,49.5,fig_s3.3
S05,ArgusI,C4,threshold,fixed_duration,200.0,45.0,106.49195378967808,cathodic_first,0.075,,0.075,,,,,,,,49.5,fig_s3.3
S05,ArgusI,C4,threshold,fixed_duration,200.0,76.0,91.14589082592936,cathodic_first,0.075,,0.075,,,,,,,,49.5,fig_s3.3
S05,ArgusI,C4,threshold,fixed_duration,200.0,135.0,84.69594053833553,cathodic_first,0.075,,0.075,,,,,,,,49.5,fig_s3.3
S05,ArgusI,C4,threshold,fixed_duration,200.0,225.0,79.03186930886586,cathodic_first,0.075,,0.075,,,,,,,,49.5,fig_s3.3
S06,ArgusI,B2,threshold,fixed_duration,200.0,5.0,250.93913644840862,cathodic_first,0.075,,0.075,,,,,,,,216.0,fig_s3.3
S06,ArgusI,B2,threshold,fixed_duration,200.0,15.0,206.85712473886903,cathodic_first,0.075,,0.075,,,,,,,,216.0,fig_s3.3
S06,ArgusI,B2,threshold,fixed_duration,200.0,45.0,156.77523983517375,cathodic_first,0.075,,0.075,,,,,,,,216.0,fig_s3.3
S06,ArgusI,B2,threshold,fixed_duration,200.0,76.0,132.7447001209292,cathodic_first,0.075,,0.075,,,,,,,,216.0,fig_s3.3
S06,ArgusI,B2,threshold,fixed_duration,200.0,135.0,140.4978964120896,cathodic_first,0.075,,0.075,,,,,,,,216.0,fig_s3.3
S06,ArgusI,B2,threshold,fixed_duration,200.0,225.0,120.5854660933312,cathodic_first,0.075,,0.075,,,,,,,,216.0,fig_s3.3
S06,ArgusI,D1,threshold,fixed_duration,200.0,5.0,403.5286174296994,cathodic_first,0.075,,0.075,,,,,,,,188.0,fig_s3.3
S06,ArgusI,D1,threshold,fixed_duration,200.0,15.0,281.02996714594786,cathodic_first,0.075,,0.075,,,,,,,,188.0,fig_s3.3
S06,ArgusI,D1,threshold,fixed_duration,200.0,45.0,258.1379226006793,cathodic_first,0.075,,0.075,,,,,,,,188.0,fig_s3.3
S06,ArgusI,D1,threshold,fixed_duration,200.0,76.0,219.400529571835,cathodic_first,0.075,,0.075,,,,,,,,188.0,fig_s3.3
S06,ArgusI,D1,threshold,fixed_duration,200.0,135.0,178.0361843941652,cathodic_first,0.075,,0.075,,,,,,,,188.0,fig_s3.3
S06,ArgusI,D1,threshold,fixed_duration,200.0,225.0,115.1811856196698,cathodic_first,0.075,,0.075,,,,,,,,188.0,fig_s3.3
S05,ArgusI,A1,threshold,fixed_duration,200.0,5.0,24.372934038733288,cathodic_first,0.975,,0.975,,,,,,,,154.0,fig_s3.4
S05,ArgusI,A1,threshold,fixed_duration,200.0,15.0,21.178418510605358,cathodic_first,0.975,,0.975,,,,,,,,154.0,fig_s3.4
S05,ArgusI,A1,threshold,fixed_duration,200.0,45.0,18.829655324525454,cathodic_first,0.975,,0.975,,,,,,,,154.0,fig_s3.4
S05,ArgusI,A1,threshold,fixed_duration,200.0,76.0,17.000968881737403,cathodic_first,0.975,,0.975,,,,,,,,154.0,fig_s3.4
S05,ArgusI,A1,threshold,fixed_duration,200.0,135.0,15.469079129585266,cathodic_first,0.975,,0.975,,,,,,,,154.0,fig_s3.4
S05,ArgusI,A1,threshold,fixed_duration,200.0,225.0,14.446454904045206,cathodic_first,0.975,,0.975,,,,,,,,154.0,fig_s3.4
S05,ArgusI,C4,threshold,fixed_duration,200.0,5.0,18.310778246916954,cathodic_first,0.975,,0.975,,,,,,,,141.8,fig_s3.4
S05,ArgusI,C4,threshold,fixed_duration,200.0,15.0,15.35011,cathodic_first,0.975,,0.975,,,,,,,,141.8,fig_s3.4
S05,ArgusI,C4,threshold,fixed_duration,200.0,45.0,18.08696,cathodic_first,0.975,,0.975,,,,,,,,141.8,fig_s3.4
S05,ArgusI,C4,threshold,fixed_duration,200.0,76.0,17.602455574465548,cathodic_first,0.975,,0.975,,,,,,,,141.8,fig_s3.4
S05,ArgusI,C4,threshold,fixed_duration,200.0,135.0,16.28746766321029,cathodic_first,0.975,,0.975,,,,,,,,141.8,fig_s3.4
S05,ArgusI,C4,threshold,fixed_duration,200.0,225.0,15.520901777664935,cathodic_first,0.975,,0.975,,,,,,,,141.8,fig_s3.4
S06,ArgusI,B2,threshold,fixed_duration,200.0,5.0,30.54545,cathodic_first,0.975,,0.975,,,,,,,,546.0,fig_s3.4
S06,ArgusI,B2,threshold,fixed_duration,200.0,15.0,28.215660196890173,cathodic_first,0.975,,0.975,,,,,,,,546.0,fig_s3.4
S06,ArgusI,B2,threshold,fixed_duration,200.0,45.0,28.535087479382852,cathodic_first,0.975,,0.975,,,,,,,,546.0,fig_s3.4
S06,ArgusI,B2,threshold,fixed_duration,200.0,76.0,28.716257054491358,cathodic_first,0.975,,0.975,,,,,,,,546.0,fig_s3.4
S06,ArgusI,B2,threshold,fixed_duration,200.0,135.0,26.731068184504785,cathodic_first,0.975,,0.975,,,,,,,,546.0,fig_s3.4
S06,ArgusI,B2,threshold,fixed_duration,200.0,225.0,24.45550762189361,cathodic_first,0.975,,0.975,,,,,,,,546.0,fig_s3.4
S06,ArgusI,D1,threshold,fixed_duration,200.0,5.0,30.900609904642376,cathodic_first,0.975,,0.975,,,,,,,,588.0,fig_s3.4
S06,ArgusI,D1,threshold,fixed_duration,200.0,15.0,29.28571,cathodic_first,0.975,,0.975,,,,,,,,588.0,fig_s3.4
S06,ArgusI,D1,threshold,fixed_duration,200.0,45.0,29.655259627748517,cathodic_first,0.975,,0.975,,,,,,,,588.0,fig_s3.4
S06,ArgusI,D1,threshold,fixed_duration,200.0,76.0,30.503409920460683,cathodic_first,0.975,,0.975,,,,,,,,588.0,fig_s3.4
S06,ArgusI,D1,threshold,fixed_duration,200.0,135.0,27.444141343461386,cathodic_first,0.975,,0.975,,,,,,,,588.0,fig_s3.4
S06,ArgusI,D1,threshold,fixed_duration,200.0,225.0,23.52738124554773,cathodic_first,0.975,,0.975,,,,,,,,588.0,fig_s3.4
S05,ArgusI,C3,threshold,variable_duration,,3.0000000000000004,177.61911238677934,cathodic_first,0.075,2.0,0.075,,,,,,,,65.0,fig_5
S05,ArgusI,C3,threshold,variable_duration,,7.208344133033874,164.57109843076327,cathodic_first,0.075,2.0,0.075,,,,,,,,65.0,fig_5
S05,ArgusI,C3,threshold,variable_duration,,17.32007504674796,152.27167656852862,cathodic_first,0.075,2.0,0.075,,,,,,,,65.0,fig_5
S05,ArgusI,C3,threshold,variable_duration,,41.61635378231068,150.154222131081,cathodic_first,0.075,2.0,0.075,,,,,,,,65.0,fig_5
S05,ArgusI,C3,threshold,variable_duration,,99.99499987499377,139.0290603620461,cathodic_first,0.075,2.0,0.075,,,,,,,,65.0,fig_5
S05,ArgusI,C3,threshold,variable_duration,,240.26612356054488,124.31761686684388,cathodic_first,0.075,2.0,0.075,,,,,,,,65.0,fig_5
S05,ArgusI,C3,threshold,variable_duration,,577.3069673781482,134.09445453474302,cathodic_first,0.075,2.0,0.075,,,,,,,,65.0,fig_5
S05,ArgusI,C3,threshold,variable_duration,,1387.1424304199509,126.98319490848313,cathodic_first,0.075,2.0,0.075,,,,,,,,65.0,fig_5
S05,ArgusI,C3,threshold,variable_duration,,3333.0000000000023,131.74974649890171,cathodic_first,0.075,2.0,0.075,,,,,,,,65.0,fig_5
S05,ArgusI,C3,threshold,variable_duration,,3.0000000000000004,197.16613115263115,cathodic_first,0.075,15.0,0.075,,,,,,,,51.3,fig_5
S05,ArgusI,C3,threshold,variable_duration,,7.208344133033874,191.68331721866173,cathodic_first,0.075,15.0,0.075,,,,,,,,51.3,fig_5
S05,ArgusI,C3,threshold,variable_duration,,17.32007504674796,148.8388739956744,cathodic_first,0.075,15.0,0.075,,,,,,,,51.3,fig_5
S05,ArgusI,C3,threshold,variable_duration,,41.61635378231068,104.93441945605876,cathodic_first,0.075,15.0,0.075,,,,,,,,51.3,fig_5
S05,ArgusI,C3,threshold,variable_duration,,99.99499987499377,90.87010281810132,cathodic_first,0.075,15.0,0.075,,,,,,,,51.3,fig_5
S05,ArgusI,C3,threshold,variable_duration,,240.26612356054488,75.91922304744087,cathodic_first,0.075,15.0,0.075,,,,,,,,51.3,fig_5
S05,ArgusI,C3,threshold,variable_duration,,577.3069673781482,82.11347681508938,cathodic_first,0.075,15.0,0.075,,,,,,,,51.3,fig_5
S05,ArgusI,C3,threshold,variable_duration,,1387.1424304199509,78.8707977183318,cathodic_first,0.075,15.0,0.075,,,,,,,,51.3,fig_5
S05,ArgusI,C3,threshold,variable_duration,,3333.0000000000023,106.59325856793676,cathodic_first,0.075,15.0,0.075,,,,,,,,51.3,fig_5
S06,ArgusI,A1,threshold,variable_duration,,3.0000000000000004,83.31302717368592,cathodic_first,0.075,2.0,0.075,,,,,,,,7.5,fig_5
S06,ArgusI,A1,threshold,variable_duration,,7.208344133033874,87.94910490397824,cathodic_first,0.075,2.0,0.075,,,,,,,,7.5,fig_5
S06,ArgusI,A1,threshold,variable_duration,,17.32007504674796,77.89049896638583,cathodic_first,0.075,2.0,0.075,,,,,,,,7.5,fig_5
S06,ArgusI,A1,threshold,variable_duration,,41.61635378231068,77.13436939576192,cathodic_first,0.075,2.0,0.075,,,,,,,,7.5,fig_5
S06,ArgusI,A1,threshold,variable_duration,,99.99499987499377,76.03596768923678,cathodic_first,0.075,2.0,0.075,,,,,,,,7.5,fig_5
S06,ArgusI,A1,threshold,variable_duration,,240.26612356054488,73.25596456658313,cathodic_first,0.075,2.0,0.075,,,,,,,,7.5,fig_5
S06,ArgusI,A1,threshold,variable_duration,,577.3069673781482,71.85359696764105,cathodic_first,0.075,2.0,0.075,,,,,,,,7.5,fig_5
S06,ArgusI,A1,threshold,variable_duration,,1387.1424304199509,77.93799818417793,cathodic_first,0.075,2.0,0.075,,,,,,,,7.5,fig_5
S06,ArgusI,A1,threshold,variable_duration,,3333.0000000000023,73.53813434161965,cathodic_first,0.075,2.0,0.075,,,,,,,,7.5,fig_5
S06,ArgusI,A1,threshold,variable_duration,,3.0000000000000004,76.5391017371721,cathodic_first,0.075,15.0,0.075,,,,,,,,5.1,fig_5
S06,ArgusI,A1,threshold,variable_duration,,7.208344133033874,75.12848130351894,cathodic_first,0.075,15.0,0.075,,,,,,,,5.1,fig_5
S06,ArgusI,A1,threshold,variable_duration,,17.32007504674796,73.32214824198778,cathodic_first,0.075,15.0,0.075,,,,,,,,5.1,fig_5
S06,ArgusI,A1,threshold,variable_duration,,41.61635378231068,65.80877406151824,cathodic_first,0.075,15.0,0.075,,,,,,,,5.1,fig_5
S06,ArgusI,A1,threshold,variable_duration,,99.99499987499377,57.66581067282723,cathodic_first,0.075,15.0,0.075,,,,,,,,5.1,fig_5
S06,ArgusI,A1,threshold,variable_duration,,240.26612356054488,44.715264971329354,cathodic_first,0.075,15.0,0.075,,,,,,,,5.1,fig_5
S06,ArgusI,A1,threshold,variable_duration,,577.3069673781482,53.6203075563319,cathodic_first,0.075,15.0,0.075,,,,,,,,5.1,fig_5
S06,ArgusI,A1,threshold,variable_duration,,1387.1424304199509,50.71663799490568,cathodic_first,0.075,15.0,0.075,,,,,,,,5.1,fig_5
S06,ArgusI,A1,threshold,variable_duration,,3333.0000000000023,48.00143893144802,cathodic_first,0.075,15.0,0.075,,,,,,,,5.1,fig_5
S05,ArgusI,B3,threshold,variable_duration,,3.0000000000000004,189.9688162276644,cathodic_first,0.075,2.0,0.075,,,,,,,,104.2,fig_s2.5
S05,ArgusI,B3,threshold,variable_duration,,7.208344133033874,185.70024714678377,cathodic_first,0.075,2.0,0.075,,,,,,,,104.2,fig_s2.5
S05,ArgusI,B3,threshold,variable_duration,,17.32007504674796,168.0046225929695,cathodic_first,0.075,2.0,0.075,,,,,,,,104.2,fig_s2.5
S05,ArgusI,B3,threshold,variable_duration,,41.61635378231068,168.92418322002368,cathodic_first,0.075,2.0,0.075,,,,,,,,104.2,fig_s2.5
S05,ArgusI,B3,threshold,variable_duration,,99.99499987499377,175.55556,cathodic_first,0.075,2.0,0.075,,,,,,,,104.2,fig_s2.5
S05,ArgusI,B3,threshold,variable_duration,,240.26612356054488,173.57511176865208,cathodic_first,0.075,2.0,0.075,,,,,,,,104.2,fig_s2.5
S05,ArgusI,B3,threshold,variable_duration,,577.3069673781482,169.32529667461932,cathodic_first,0.075,2.0,0.075,,,,,,,,104.2,fig_s2.5
S05,ArgusI,B3,threshold,variable_duration,,1387.1424304199509,173.66529900893315,cathodic_first,0.075,2.0,0.075,,,,,,,,104.2,fig_s2.5
S05,ArgusI,B3,threshold,variable_duration,,3333.0000000000023,177.88827552789468,cathodic_first,0.075,2.0,0.075,,,,,,,,104.2,fig_s2.5
S05,ArgusI,C2,threshold,variable_duration,,3.0000000000000004,197.6507445137022,cathodic_first,0.075,2.0,0.075,,,,,,,,7.0,fig_s2.5
S05,ArgusI,C2,threshold,variable_duration,,7.208344133033874,164.31140521817488,cathodic_first,0.075,2.0,0.075,,,,,,,,7.0,fig_s2.5
S05,ArgusI,C2,threshold,variable_duration,,17.32007504674796,157.1265636604669,cathodic_first,0.075,2.0,0.075,,,,,,,,7.0,fig_s2.5
S05,ArgusI,C2,threshold,variable_duration,,41.61635378231068,182.45014164806915,cathodic_first,0.075,2.0,0.075,,,,,,,,7.0,fig_s2.5
S05,ArgusI,C2,threshold,variable_duration,,99.99499987499377,143.76618346575216,cathodic_first,0.075,2.0,0.075,,,,,,,,7.0,fig_s2.5
S05,ArgusI,C2,threshold,variable_duration,,240.26612356054488,142.2220719859072,cathodic_first,0.075,2.0,0.075,,,,,,,,7.0,fig_s2.5
S05,ArgusI,C2,threshold,variable_duration,,577.3069673781482,144.01331954088062,cathodic_first,0.075,2.0,0.075,,,,,,,,7.0,fig_s2.5
S05,ArgusI,C2,threshold,variable_duration,,1387.1424304199509,180.04181281982437,cathodic_first,0.075,2.0,0.075,,,,,,,,7.0,fig_s2.5
S05,ArgusI,C2,threshold,variable_duration,,3333.0000000000023,157.35322475562901,cathodic_first,0.075,2.0,0.075,,,,,,,,7.0,fig_s2.5
S06,ArgusI,B1,threshold,variable_duration,,3.0000000000000004,119.76505583560892,cathodic_first,0.075,2.0,0.075,,,,,,,,333.0,fig_s2.5
S06,ArgusI,B1,threshold,variable_duration,,7.208344133033874,122.0959893075958,cathodic_first,0.075,2.0,0.075,,,,,,,,333.0,fig_s2.5
S06,ArgusI,B1,threshold,variable_duration,,17.32007504674796,130.1175359494739,cathodic_first,0.075,2.0,0.075,,,,,,,,333.0,fig_s2.5
S06,ArgusI,B1,threshold,variable_duration,,41.61635378231068,123.92120611746859,cathodic_first,0.075,2.0,0.075,,,,,,,,333.0,fig_s2.5
S06,ArgusI,B1,threshold,variable_duration,,99.99499987499377,103.47736113588606,cathodic_first,0.075,2.0,0.075,,,,,,,,333.0,fig_s2.5
S06,ArgusI,B1,threshold,variable_duration,,240.26612356054488,108.6516981844469,cathodic_first,0.075,2.0,0.075,,,,,,,,333.0,fig_s2.5
S06,ArgusI,B1,threshold,variable_duration,,577.3069673781482,98.72801366910944,cathodic_first,0.075,2.0,0.075,,,,,,,,333.0,fig_s2.5
S06,ArgusI,B1,threshold,variable_duration,,1387.1424304199509,111.6080483615767,cathodic_first,0.075,2.0,0.075,,,,,,,,333.0,fig_s2.5
S06,ArgusI,B1,threshold,variable_duration,,3333.0000000000023,106.62475251823878,cathodic_first,0.075,2.0,0.075,,,,,,,,333.0,fig_s2.5
S06,ArgusI,C2,threshold,variable_duration,,3.0000000000000004,364.9412754210369,cathodic_first,0.075,2.0,0.075,,,,,,,,1230.0,fig_s2.5
S06,ArgusI,C2,threshold,variable_duration,,7.208344133033874,356.3228429285787,cathodic_first,0.075,2.0,0.075,,,,,,,,1230.0,fig_s2.5
S06,ArgusI,C2,threshold,variable_duration,,17.32007504674796,351.6906206810453,cathodic_first,0.075,2.0,0.075,,,,,,,,1230.0,fig_s2.5
S06,ArgusI,C2,threshold,variable_duration,,41.61635378231068,329.3568616489784,cathodic_first,0.075,2.0,0.075,,,,,,,,1230.0,fig_s2.5
S06,ArgusI,C2,threshold,variable_duration,,99.99499987499377,337.98944690286584,cathodic_first,0.075,2.0,0.075,,,,,,,,1230.0,fig_s2.5
S06,ArgusI,C2,threshold,variable_duration,,240.26612356054488,335.9808997334924,cathodic_first,0.075,2.0,0.075,,,,,,,,1230.0,fig_s2.5
S06,ArgusI,C2,threshold,variable_duration,,577.3069673781482,290.7157103067625,cathodic_first,0.075,2.0,0.075,,,,,,,,1230.0,fig_s2.5
S06,ArgusI,C2,threshold,variable_duration,,1387.1424304199509,348.03626010375933,cathodic_first,0.075,2.0,0.075,,,,,,,,1230.0,fig_s2.5
S06,ArgusI,C2,threshold,variable_duration,,3333.0000000000023,348.27528723802703,cathodic_first,0.075,2.0,0.075,,,,,,,,1230.0,fig_s2.5
S05,ArgusI,B3,threshold,variable_duration,,3.0000000000000004,200.8581720666915,cathodic_first,0.075,3.0,0.075,,,,,,,,143.0,fig_s2.6
S05,ArgusI,B3,threshold,variable_duration,,7.208344133033874,185.31928925007855,cathodic_first,0.075,3.0,0.075,,,,,,,,143.0,fig_s2.6
S05,ArgusI,B3,threshold,variable_duration,,17.32007504674796,176.11194340181495,cathodic_first,0.075,3.0,0.075,,,,,,,,143.0,fig_s2.6
S05,ArgusI,B3,threshold,variable_duration,,41.61635378231068,164.41686366442025,cathodic_first,0.075,3.0,0.075,,,,,,,,143.0,fig_s2.6
S05,ArgusI,B3,threshold,variable_duration,,99.99499987499377,149.42650639015116,cathodic_first,0.075,3.0,0.075,,,,,,,,143.0,fig_s2.6
S05,ArgusI,B3,threshold,variable_duration,,240.26612356054488,135.87063634695036,cathodic_first,0.075,3.0,0.075,,,,,,,,143.0,fig_s2.6
S05,ArgusI,B3,threshold,variable_duration,,577.3069673781482,151.03387397026316,cathodic_first,0.075,3.0,0.075,,,,,,,,143.0,fig_s2.6
S05,ArgusI,B3,threshold,variable_duration,,1387.1424304199509,172.9188800657872,cathodic_first,0.075,3.0,0.075,,,,,,,,143.0,fig_s2.6
S05,ArgusI,B3,threshold,variable_duration,,3333.0000000000023,207.6622662012532,cathodic_first,0.075,3.0,0.075,,,,,,,,143.0,fig_s2.6
S05,ArgusI,C2,threshold,variable_duration,,3.0000000000000004,252.01023012992275,cathodic_first,0.075,3.0,0.075,,,,,,,,15.3,fig_s2.6
S05,ArgusI,C2,threshold,variable_duration,,7.208344133033874,191.58125915038462,cathodic_first,0.075,3.0,0.075,,,,,,,,15.3,fig_s2.6
S05,ArgusI,C2,threshold,variable_duration,,17.32007504674796,214.4473194587959,cathodic_first,0.075,3.0,0.075,,,,,,,,15.3,fig_s2.6
S05,ArgusI,C2,threshold,variable_duration,,41.61635378231068,201.192037389527,cathodic_first,0.075,3.0,0.075,,,,,,,,15.3,fig_s2.6
S05,ArgusI,C2,threshold,variable_duration,,99.99499987499377,145.34387623875318,cathodic_first,0.075,3.0,0.075,,,,,,,,15.3,fig_s2.6
S05,ArgusI,C2,threshold,variable_duration,,240.26612356054488,116.09939834497848,cathodic_first,0.075,3.0,0.075,,,,,,,,15.3,fig_s2.6
S05,ArgusI,C2,threshold,variable_duration,,577.3069673781482,130.74603644242555,cathodic_first,0.075,3.0,0.075,,,,,,,,15.3,fig_s2.6
S05,ArgusI,C2,threshold,variable_duration,,1387.1424304199509,186.63180512923844,cathodic_first,0.075,3.0,0.075,,,,,,,,15.3,fig_s2.6
S05,ArgusI,C2,threshold,variable_duration,,3333.0000000000023,158.99789353006574,cathodic_first,0.075,3.0,0.075,,,,,,,,15.3,fig_s2.6
S06,ArgusI,B1,threshold,variable_duration,,3.0000000000000004,153.02243038631937,cathodic_first,0.075,3.0,0.075,,,,,,,,383.9,fig_s2.6
S06,ArgusI,B1,threshold,variable_duration,,7.208344133033874,130.75537240727294,cathodic_first,0.075,3.0,0.075,,,,,,,,383.9,fig_s2.6
S06,ArgusI,B1,threshold,variable_duration,,17.32007504674796,119.4786304883685,cathodic_first,0.075,3.0,0.075,,,,,,,,383.9,fig_s2.6
S06,ArgusI,B1,threshold,variable_duration,,41.61635378231068,117.0865734826738,cathodic_first,0.075,3.0,0.075,,,,,,,,383.9,fig_s2.6
S06,ArgusI,B1,threshold,variable_duration,,99.99499987499377,121.67972873954376,cathodic_first,0.075,3.0,0.075,,,,,,,,383.9,fig_s2.6
S06,ArgusI,B1,threshold,variable_duration,,240.26612356054488,112.03071164708568,cathodic_first,0.075,3.0,0.075,,,,,,,,383.9,fig_s2.6
S06,ArgusI,B1,threshold,variable_duration,,577.3069673781482,101.35578652537608,cathodic_first,0.075,3.0,0.075,,,,,,,,383.9,fig_s2.6
S06,ArgusI,B1,threshold,variable_duration,,1387.1424304199509,107.46377773478096,cathodic_first,0.075,3.0,0.075,,,,,,,,383.9,fig_s2.6
S06,ArgusI,B1,threshold,variable_duration,,3333.0000000000023,113.74765134614016,cathodic_first,0.075,3.0,0.075,,,,,,,,383.9,fig_s2.6
S06,ArgusI,C2,threshold,variable_duration,,3.0000000000000004,342.77707121209613,cathodic_first,0.075,3.0,0.075,,,,,,,,990.0,fig_s2.6
S06,ArgusI,C2,threshold,variable_duration,,7.208344133033874,374.01280489891815,cathodic_first,0.075,3.0,0.075,,,,,,,,990.0,fig_s2.6
S06,ArgusI,C2,threshold,variable_duration,,17.32007504674796,289.4233856627525,cathodic_first,0.075,3.0,0.075,,,,,,,,990.0,fig_s2.6
S06,ArgusI,C2,threshold,variable_duration,,41.61635378231068,292.5816571577631,cathodic_first,0.075,3.0,0.075,,,,,,,,990.0,fig_s2.6
S06,ArgusI,C2,threshold,variable_duration,,99.99499987499377,291.4380246440435,cathodic_first,0.075,3.0,0.075,,,,,,,,990.0,fig_s2.6
S06,ArgusI,C2,threshold,variable_duration,,240.26612356054488,256.6300781312207,cathodic_first,0.075,3.0,0.075,,,,,,,,990.0,fig_s2.6
S06,ArgusI,C2,threshold,variable_duration,,577.3069673781482,240.8441542527729,cathodic_first,0.075,3.0,0.075,,,,,,,,990.0,fig_s2.6
S06,ArgusI,C2,threshold,variable_duration,,1387.1424304199509,286.7612299413228,cathodic_first,0.075,3.0,0.075,,,,,,,,990.0,fig_s2.6
S06,ArgusI,C2,threshold,variable_duration,,3333.0000000000023,373.1850867632232,cathodic_first,0.075,3.0,0.075,,,,,,,,990.0,fig_s2.6
S05,ArgusI,B3,threshold,variable_duration,,3.0000000000000004,269.32310394580014,cathodic_first,0.075,15.0,0.075,,,,,,,,159.3,fig_s2.7
S05,ArgusI,B3,threshold,variable_duration,,7.208344133033874,248.2876562357196,cathodic_first,0.075,15.0,0.075,,,,,,,,159.3,fig_s2.7
S05,ArgusI,B3,threshold,variable_duration,,17.32007504674796,202.95640757281362,cathodic_first,0.075,15.0,0.075,,,,,,,,159.3,fig_s2.7
S05,ArgusI,B3,threshold,variable_duration,,41.61635378231068,160.2142038575348,cathodic_first,0.075,15.0,0.075,,,,,,,,159.3,fig_s2.7
S05,ArgusI,B3,threshold,variable_duration,,99.99499987499377,125.71428999999999,cathodic_first,0.075,15.0,0.075,,,,,,,,159.3,fig_s2.7
S05,ArgusI,B3,threshold,variable_duration,,240.26612356054488,126.60475407830342,cathodic_first,0.075,15.0,0.075,,,,,,,,159.3,fig_s2.7
S05,ArgusI,B3,threshold,variable_duration,,577.3069673781482,128.8552656878043,cathodic_first,0.075,15.0,0.075,,,,,,,,159.3,fig_s2.7
S05,ArgusI,B3,threshold,variable_duration,,1387.1424304199509,100.0,cathodic_first,0.075,15.0,0.075,,,,,,,,159.3,fig_s2.7
S05,ArgusI,B3,threshold,variable_duration,,3333.0000000000023,115.16611568863723,cathodic_first,0.075,15.0,0.075,,,,,,,,159.3,fig_s2.7
S05,ArgusI,C2,threshold,variable_duration,,3.0000000000000004,202.66594972792026,cathodic_first,0.075,15.0,0.075,,,,,,,,6.7,fig_s2.7
S05,ArgusI,C2,threshold,variable_duration,,7.208344133033874,175.1930394356176,cathodic_first,0.075,15.0,0.075,,,,,,,,6.7,fig_s2.7
S05,ArgusI,C2,threshold,variable_duration,,17.32007504674796,145.41344658656215,cathodic_first,0.075,15.0,0.075,,,,,,,,6.7,fig_s2.7
S05,ArgusI,C2,threshold,variable_duration,,41.61635378231068,116.49455570838741,cathodic_first,0.075,15.0,0.075,,,,,,,,6.7,fig_s2.7
S05,ArgusI,C2,threshold,variable_duration,,99.99499987499377,103.77330789748648,cathodic_first,0.075,15.0,0.075,,,,,,,,6.7,fig_s2.7
S05,ArgusI,C2,threshold,variable_duration,,240.26612356054488,81.95791675681942,cathodic_first,0.075,15.0,0.075,,,,,,,,6.7,fig_s2.7
S05,ArgusI,C2,threshold,variable_duration,,577.3069673781482,78.50497924441899,cathodic_first,0.075,15.0,0.075,,,,,,,,6.7,fig_s2.7
S05,ArgusI,C2,threshold,variable_duration,,1387.1424304199509,81.02990709986015,cathodic_first,0.075,15.0,0.075,,,,,,,,6.7,fig_s2.7
S05,ArgusI,C2,threshold,variable_duration,,3333.0000000000023,81.35830906020155,cathodic_first,0.075,15.0,0.075,,,,,,,,6.7,fig_s2.7
S06,ArgusI,B1,threshold,variable_duration,,3.0000000000000004,154.8815022183982,cathodic_first,0.075,15.0,0.075,,,,,,,,396.8,fig_s2.7
S06,ArgusI,B1,threshold,variable_duration,,7.208344133033874,131.64108300451008,cathodic_first,0.075,15.0,0.075,,,,,,,,396.8,fig_s2.7
S06,ArgusI,B1,threshold,variable_duration,,17.32007504674796,100.1151472667808,cathodic_first,0.075,15.0,0.075,,,,,,,,396.8,fig_s2.7
S06,ArgusI,B1,threshold,variable_duration,,41.61635378231068,93.70998248111998,cathodic_first,0.075,15.0,0.075,,,,,,,,396.8,fig_s2.7
S06,ArgusI,B1,threshold,variable_duration,,99.99499987499377,89.28117375079353,cathodic_first,0.075,15.0,0.075,,,,,,,,396.8,fig_s2.7
S06,ArgusI,B1,threshold,variable_duration,,240.26612356054488,81.22419045416473,cathodic_first,0.075,15.0,0.075,,,,,,,,396.8,fig_s2.7
S06,ArgusI,B1,threshold,variable_duration,,577.3069673781482,78.38955970529426,cathodic_first,0.075,15.0,0.075,,,,,,,,396.8,fig_s2.7
S06,ArgusI,B1,threshold,variable_duration,,1387.1424304199509,80.77190027161475,cathodic_first,0.075,15.0,0.075,,,,,,,,396.8,fig_s2.7
S06,ArgusI,B1,threshold,variable_duration,,3333.0000000000023,71.13841733432835,cathodic_first,0.075,15.0,0.075,,,,,,,,396.8,fig_s2.7
S06,ArgusI,C2,threshold,variable_duration,,3.0000000000000004,378.0622335071168,cathodic_first,0.075,15.0,0.075,,,,,,,,810.0,fig_s2.7
S06,ArgusI,C2,threshold,variable_duration,,7.208344133033874,327.67755159864856,cathodic_first,0.075,15.0,0.075,,,,,,,,810.0,fig_s2.7
S06,ArgusI,C2,threshold,variable_duration,,17.32007504674796,304.63084628344023,cathodic_first,0.075,15.0,0.075,,,,,,,,810.0,fig_s2.7
S06,ArgusI,C2,threshold,variable_duration,,41.61635378231068,238.61834761523528,cathodic_first,0.075,15.0,0.075,,,,,,,,810.0,fig_s2.7
S06,ArgusI,C2,threshold,variable_duration,,99.99499987499377,211.9098977084354,cathodic_first,0.075,15.0,0.075,,,,,,,,810.0,fig_s2.7
S06,ArgusI,C2,threshold,variable_duration,,240.26612356054488,204.73594471517424,cathodic_first,0.075,15.0,0.075,,,,,,,,810.0,fig_s2.7
S06,ArgusI,C2,threshold,variable_duration,,577.3069673781482,182.32063672214767,cathodic_first,0.075,15.0,0.075,,,,,,,,810.0,fig_s2.7
S06,ArgusI,C2,threshold,variable_duration,,1387.1424304199509,147.46497594948912,cathodic_first,0.075,15.0,0.075,,,,,,,,810.0,fig_s2.7
S06,ArgusI,C2,threshold,variable_duration,,3333.0000000000023,196.1065564765345,cathodic_first,0.075,15.0,0.075,,,,,,,,810.0,fig_s2.7
S05,ArgusI,C4,match,fixed_duration_supra,200.0,5.0,292.44047866012573,cathodic_first,0.075,,0.075,,fixed_duration,5.0,,2.0,0.075,0.075,0.848,fig_6
S05,ArgusI,C4,match,fixed_duration_supra,200.0,15.0,220.95458785497559,cathodic_first,0.075,,0.075,,fixed_duration,5.0,,2.0,0.075,0.075,0.848,fig_6
S05,ArgusI,C4,match,fixed_duration_supra,200.0,45.0,114.33403029353684,cathodic_first,0.075,,0.075,,fixed_duration,5.0,,2.0,0.075,0.075,0.848,fig_6
S05,ArgusI,C4,match,fixed_duration_supra,200.0,135.0,79.75831751861631,cathodic_first,0.075,,0.075,,fixed_duration,5.0,,2.0,0.075,0.075,0.848,fig_6
S05,ArgusI,C4,match,fixed_duration_supra,200.0,5.0,54.66443,cathodic_first,0.975,,0.975,,fixed_duration,5.0,,2.0,0.975,0.975,0.18,fig_6
S05,ArgusI,C4,match,fixed_duration_supra,200.0,15.0,45.85492269771054,cathodic_first,0.975,,0.975,,fixed_duration,5.0,,2.0,0.975,0.975,0.18,fig_6
S05,ArgusI,C4,match,fixed_duration_supra,200.0,45.0,32.93128606647224,cathodic_first,0.975,,0.975,,fixed_duration,5.0,,2.0,0.975,0.975,0.18,fig_6
S05,ArgusI,C4,match,fixed_duration_supra,200.0,135.0,22.406470482605968,cathodic_first,0.975,,0.975,,fixed_duration,5.0,,2.0,0.975,0.975,0.18,fig_6
S06,ArgusI,B2,match,fixed_duration_supra,200.0,5.0,538.352305844242,cathodic_first,0.075,,0.075,,fixed_duration,5.0,,2.0,0.075,0.075,1.485,fig_6
S06,ArgusI,B2,match,fixed_duration_supra,200.0,15.0,422.0544738966448,cathodic_first,0.075,,0.075,,fixed_duration,5.0,,2.0,0.075,0.075,1.485,fig_6
S06,ArgusI,B2,match,fixed_duration_supra,200.0,45.0,205.9608170076456,cathodic_first,0.075,,0.075,,fixed_duration,5.0,,2.0,0.075,0.075,1.485,fig_6
S06,ArgusI,B2,match,fixed_duration_supra,200.0,135.0,129.49372657827482,cathodic_first,0.075,,0.075,,fixed_duration,5.0,,2.0,0.075,0.075,1.485,fig_6
S06,ArgusI,B2,match,fixed_duration_supra,200.0,5.0,90.96712384945157,cathodic_first,0.975,,0.975,,fixed_duration,5.0,,2.0,0.975,0.975,0.271,fig_6
S06,ArgusI,B2,match,fixed_duration_supra,200.0,15.0,65.86592272162487,cathodic_first,0.975,,0.975,,fixed_duration,5.0,,2.0,0.975,0.975,0.271,fig_6
S06,ArgusI,B2,match,fixed_duration_supra,200.0,45.0,49.51907263416065,cathodic_first,0.975,,0.975,,fixed_duration,5.0,,2.0,0.975,0.975,0.271,fig_6
S06,ArgusI,B2,match,fixed_duration_supra,200.0,135.0,33.579068991153356,cathodic_first,0.975,,0.975,,fixed_duration,5.0,,2.0,0.975,0.975,0.271,fig_6
S05,ArgusI,B3,match,fixed_duration_supra,200.0,5.0,284.27406324815564,cathodic_first,0.075,,0.075,,fixed_duration,5.0,,2.0,0.075,0.075,0.2,fig_s2.8
S05,ArgusI,B3,match,fixed_duration_supra,200.0,15.0,80.08529399577931,cathodic_first,0.075,,0.075,,fixed_duration,5.0,,2.0,0.075,0.075,0.2,fig_s2.8
S05,ArgusI,B3,match,fixed_duration_supra,200.0,45.0,54.04353534278621,cathodic_first,0.075,,0.075,,fixed_duration,5.0,,2.0,0.075,0.075,0.2,fig_s2.8
S05,ArgusI,B3,match,fixed_duration_supra,200.0,135.0,32.83331006570241,cathodic_first,0.075,,0.075,,fixed_duration,5.0,,2.0,0.075,0.075,0.2,fig_s2.8
S05,ArgusI,C2,match,fixed_duration_supra,200.0,5.0,546.901365053782,cathodic_first,0.075,,0.075,,fixed_duration,5.0,,2.0,0.075,0.075,2.1,fig_s2.8
S05,ArgusI,C2,match,fixed_duration_supra,200.0,15.0,362.13236067359617,cathodic_first,0.075,,0.075,,fixed_duration,5.0,,2.0,0.075,0.075,2.1,fig_s2.8
S05,ArgusI,C2,match,fixed_duration_supra,200.0,45.0,250.669842401661,cathodic_first,0.075,,0.075,,fixed_duration,5.0,,2.0,0.075,0.075,2.1,fig_s2.8
S05,ArgusI,C2,match,fixed_duration_supra,200.0,135.0,214.7240659148168,cathodic_first,0.075,,0.075,,fixed_duration,5.0,,2.0,0.075,0.075,2.1,fig_s2.8
S06,ArgusI,B1,match,fixed_duration_supra,200.0,5.0,414.23395286988404,cathodic_first,0.075,,0.075,,fixed_duration,5.0,,2.0,0.075,0.075,1.0,fig_s2.8
S06,ArgusI,B1,match,fixed_duration_supra,200.0,15.0,268.62808306468474,cathodic_first,0.075,,0.075,,fixed_duration,5.0,,2.0,0.075,0.075,1.0,fig_s2.8
S06,ArgusI,B1,match,fixed_duration_supra,200.0,45.0,170.80139006427402,cathodic_first,0.075,,0.075,,fixed_duration,5.0,,2.0,0.075,0.075,1.0,fig_s2.8
S06,ArgusI,B1,match,fixed_duration_supra,200.0,135.0,140.18227761054098,cathodic_first,0.075,,0.075,,fixed_duration,5.0,,2.0,0.075,0.075,1.0,fig_s2.8
S06,ArgusI,C2,match,fixed_duration_supra,200.0,5.0,618.5359457534054,cathodic_first,0.075,,0.075,,fixed_duration,5.0,,2.0,0.075,0.075,4.56,fig_s2.8
S06,ArgusI,C2,match,fixed_duration_supra,200.0,15.0,422.1954511617876,cathodic_first,0.075,,0.075,,fixed_duration,5.0,,2.0,0.075,0.075,4.56,fig_s2.8
S06,ArgusI,C2,match,fixed_duration_supra,200.0,45.0,261.2658945158272,cathodic_first,0.075,,0.075,,fixed_duration,5.0,,2.0,0.075,0.075,4.56,fig_s2.8
S06,ArgusI,C2,match,fixed_duration_supra,200.0,135.0,198.31906637367092,cathodic_first,0.075,,0.075,,fixed_duration,5.0,,2.0,0.075,0.075,4.56,fig_s2.8
S05,ArgusI,B3,match,fixed_duration_supra,200.0,5.0,91.0773348595007,cathodic_first,0.975,,0.975,,fixed_duration,5.0,,2.0,0.975,0.975,0.105,fig_s2.9
S05,ArgusI,B3,match,fixed_duration_supra,200.0,15.0,39.336558017764155,cathodic_first,0.975,,0.975,,fixed_duration,5.0,,2.0,0.975,0.975,0.105,fig_s2.9
S05,ArgusI,B3,match,fixed_duration_supra,200.0,45.0,11.111303,cathodic_first,0.975,,0.975,,fixed_duration,5.0,,2.0,0.975,0.975,0.105,fig_s2.9
S05,ArgusI,B3,match,fixed_duration_supra,200.0,135.0,6.8602467329853045,cathodic_first,0.975,,0.975,,fixed_duration,5.0,,2.0,0.975,0.975,0.105,fig_s2.9
S05,ArgusI,C2,match,fixed_duration_supra,200.0,5.0,64.11948413134854,cathodic_first,0.975,,0.975,,fixed_duration,5.0,,2.0,0.975,0.975,0.36,fig_s2.9
S05,ArgusI,C2,match,fixed_duration_supra,200.0,15.0,61.2316041094603,cathodic_first,0.975,,0.975,,fixed_duration,5.0,,2.0,0.975,0.975,0.36,fig_s2.9
S05,ArgusI,C2,match,fixed_duration_supra,200.0,45.0,49.062012218806,cathodic_first,0.975,,0.975,,fixed_duration,5.0,,2.0,0.975,0.975,0.36,fig_s2.9
S05,ArgusI,C2,match,fixed_duration_supra,200.0,135.0,38.94370911280839,cathodic_first,0.975,,0.975,,fixed_duration,5.0,,2.0,0.975,0.975,0.36,fig_s2.9
S06,ArgusI,B1,match,fixed_duration_supra,200.0,5.0,44.65632235536602,cathodic_first,0.975,,0.975,,fixed_duration,5.0,,2.0,0.975,0.975,0.205,fig_s2.9
S06,ArgusI,B1,match,fixed_duration_supra,200.0,15.0,38.999581692726686,cathodic_first,0.975,,0.975,,fixed_duration,5.0,,2.0,0.975,0.975,0.205,fig_s2.9
S06,ArgusI,B1,match,fixed_duration_supra,200.0,45.0,34.684242911752946,cathodic_first,0.975,,0.975,,fixed_duration,5.0,,2.0,0.975,0.975,0.205,fig_s2.9
S06,ArgusI,B1,match,fixed_duration_supra,200.0,135.0,33.14494863541905,cathodic_first,0.975,,0.975,,fixed_duration,5.0,,2.0,0.975,0.975,0.205,fig_s2.9
S06,ArgusI,C2,match,fixed_duration_supra,200.0,5.0,66.85742096716764,cathodic_first,0.975,,0.975,,fixed_duration,5.0,,2.0,0.975,0.975,0.606,fig_s2.9
S06,ArgusI,C2,match,fixed_duration_supra,200.0,15.0,58.61003997687947,cathodic_first,0.975,,0.975,,fixed_duration,5.0,,2.0,0.975,0.975,0.606,fig_s2.9
S06,ArgusI,C2,match,fixed_duration_supra,200.0,45.0,48.82760327360304,cathodic_first,0.975,,0.975,,fixed_duration,5.0,,2.0,0.975,0.975,0.606,fig_s2.9
S06,ArgusI,C2,match,fixed_duration_supra,200.0,135.0,47.35058721043122,cathodic_first,0.975,,0.975,,fixed_duration,5.0,,2.0,0.975,0.975,0.606,fig_s2.9
S05,ArgusI,B3,match,fixed_duration_supra,200.0,5.0,127.58494927247507,cathodic_first,0.975,,0.975,,fixed_duration,5.0,,3.0,0.975,0.975,0.124,fig_s2.10
S05,ArgusI,B3,match,fixed_duration_supra,200.0,15.0,43.9536880680783,cathodic_first,0.975,,0.975,,fixed_duration,5.0,,3.0,0.975,0.975,0.124,fig_s2.10
S05,ArgusI,B3,match,fixed_duration_supra,200.0,45.0,12.085021638020349,cathodic_first,0.975,,0.975,,fixed_duration,5.0,,3.0,0.975,0.975,0.124,fig_s2.10
S05,ArgusI,B3,match,fixed_duration_supra,200.0,135.0,9.205394527898127,cathodic_first,0.975,,0.975,,fixed_duration,5.0,,3.0,0.975,0.975,0.124,fig_s2.10
S05,ArgusI,C2,match,fixed_duration_supra,200.0,5.0,100.46160937341234,cathodic_first,0.975,,0.975,,fixed_duration,5.0,,3.0,0.975,0.975,0.44,fig_s2.10
S05,ArgusI,C2,match,fixed_duration_supra,200.0,15.0,65.79037836165429,cathodic_first,0.975,,0.975,,fixed_duration,5.0,,3.0,0.975,0.975,0.44,fig_s2.10
S05,ArgusI,C2,match,fixed_duration_supra,200.0,45.0,50.116443997333405,cathodic_first,0.975,,0.975,,fixed_duration,5.0,,3.0,0.975,0.975,0.44,fig_s2.10
S05,ArgusI,C2,match,fixed_duration_supra,200.0,135.0,42.354320230357814,cathodic_first,0.975,,0.975,,fixed_duration,5.0,,3.0,0.975,0.975,0.44,fig_s2.10
S06,ArgusI,C2,match,fixed_duration_supra,200.0,5.0,104.1144713683804,cathodic_first,0.975,,0.975,,fixed_duration,5.0,,3.0,0.975,0.975,0.865,fig_s2.10
S06,ArgusI,C2,match,fixed_duration_supra,200.0,15.0,94.686969066999,cathodic_first,0.975,,0.975,,fixed_duration,5.0,,3.0,0.975,0.975,0.865,fig_s2.10
S06,ArgusI,C2,match,fixed_duration_supra,200.0,45.0,58.608780458051406,cathodic_first,0.975,,0.975,,fixed_duration,5.0,,3.0,0.975,0.975,0.865,fig_s2.10
S06,ArgusI,C2,match,fixed_duration_supra,200.0,135.0,46.94016845261004,cathodic_first,0.975,,0.975,,fixed_duration,5.0,,3.0,0.975,0.975,0.865,fig_s2.10
S05,ArgusI,C4,match,fixed_duration_supra,200.0,5.0,37.007107033684136,cathodic_first,0.975,,0.975,,fixed_duration,5.0,,3.0,0.975,0.975,0.236,fig_s3.7
S05,ArgusI,C4,match,fixed_duration_supra,200.0,15.0,31.253034158176842,cathodic_first,0.975,,0.975,,fixed_duration,5.0,,3.0,0.975,0.975,0.236,fig_s3.7
S05,ArgusI,C4,match,fixed_duration_supra,200.0,45.0,26.31446200690968,cathodic_first,0.975,,0.975,,fixed_duration,5.0,,3.0,0.975,0.975,0.236,fig_s3.7
S05,ArgusI,C4,match,fixed_duration_supra,200.0,135.0,21.80395619555242,cathodic_first,0.975,,0.975,,fixed_duration,5.0,,3.0,0.975,0.975,0.236,fig_s3.7
S05,ArgusI,A1,match,fixed_duration_supra,200.0,5.0,65.084746,cathodic_first,0.975,,0.975,,fixed_duration,5.0,,3.0,0.975,0.975,0.208,fig_s3.7
S05,ArgusI,A1,match,fixed_duration_supra,200.0,15.0,25.066006695448927,cathodic_first,0.975,,0.975,,fixed_duration,5.0,,3.0,0.975,0.975,0.208,fig_s3.7
S05,ArgusI,A1,match,fixed_duration_supra,200.0,45.0,14.915254,cathodic_first,0.975,,0.975,,fixed_duration,5.0,,3.0,0.975,0.975,0.208,fig_s3.7
S05,ArgusI,A1,match,fixed_duration_supra,200.0,135.0,13.229708646965015,cathodic_first,0.975,,0.975,,fixed_duration,5.0,,3.0,0.975,0.975,0.208,fig_s3.7
S06,ArgusI,B2,match,fixed_duration_supra,200.0,5.0,61.5406656268069,cathodic_first,0.975,,0.975,,fixed_duration,5.0,,3.0,0.975,0.975,0.341,fig_s3.7
S06,ArgusI,B2,match,fixed_duration_supra,200.0,15.0,50.759783648852355,cathodic_first,0.975,,0.975,,fixed_duration,5.0,,3.0,0.975,0.975,0.341,fig_s3.7
S06,ArgusI,B2,match,fixed_duration_supra,200.0,45.0,39.784565,cathodic_first,0.975,,0.975,,fixed_duration,5.0,,3.0,0.975,0.975,0.341,fig_s3.7
S06,ArgusI,B2,match,fixed_duration_supra,200.0,135.0,32.8932729572798,cathodic_first,0.975,,0.975,,fixed_duration,5.0,,3.0,0.975,0.975,0.341,fig_s3.7
S05,ArgusI,A1,threshold,bursting_triplets,500.0,,102.85720008609272,cathodic_first,0.075,15.0,0.075,,,,,,,,720.0,fig_7
S05,ArgusI,A1,threshold,bursting_triplets,500.0,,104.52387212572714,cathodic_first,0.075,15.0,0.2524399077253949,,,,,,,,720.0,fig_7
S05,ArgusI,A1,threshold,bursting_triplets,500.0,,100.24358927865032,cathodic_first,0.075,15.0,0.8496787601654119,,,,,,,,720.0,fig_7
S05,ArgusI,A1,threshold,bursting_triplets,500.0,,84.41727879918696,cathodic_first,0.075,15.0,2.859904370831793,,,,,,,,720.0,fig_7
S05,ArgusI,A1,threshold,bursting_triplets,500.0,,73.04662484148207,cathodic_first,0.075,15.0,9.626053273016419,,,,,,,,720.0,fig_7
S05,ArgusI,A1,threshold,bursting_triplets,500.0,,74.97699726671246,cathodic_first,0.075,15.0,32.4,,,,,,,,720.0,fig_7
S05,ArgusI,A1,threshold,bursting_triplets,500.0,,62.870415830724326,cathodic_first,0.075,30.0,0.075,,,,,,,,390.0,fig_7
S05,ArgusI,A1,threshold,bursting_triplets,500.0,,61.557244061525886,cathodic_first,0.075,30.0,0.21852700939321448,,,,,,,,390.0,fig_7
S05,ArgusI,A1,threshold,bursting_triplets,500.0,,65.5927415460134,cathodic_first,0.075,30.0,0.6367207177912271,,,,,,,,390.0,fig_7
S05,ArgusI,A1,threshold,bursting_triplets,500.0,,58.43379255670674,cathodic_first,0.075,30.0,1.8552089903682365,,,,,,,,390.0,fig_7
S05,ArgusI,A1,threshold,bursting_triplets,500.0,,56.79356377412938,cathodic_first,0.075,30.0,5.4055102995276725,,,,,,,,390.0,fig_7
S05,ArgusI,A1,threshold,bursting_triplets,500.0,,59.315597659174955,cathodic_first,0.075,30.0,15.750000000000002,,,,,,,,390.0,fig_7
S05,ArgusI,A1,threshold,bursting_triplets,500.0,,58.41039373790779,cathodic_first,0.075,60.0,0.075,,,,,,,,420.0,fig_7
S05,ArgusI,A1,threshold,bursting_triplets,500.0,,56.94993677845339,cathodic_first,0.075,60.0,0.18803849798299765,,,,,,,,420.0,fig_7
S05,ArgusI,A1,threshold,bursting_triplets,500.0,,55.251136984890614,cathodic_first,0.075,60.0,0.4714463563160242,,,,,,,,420.0,fig_7
S05,ArgusI,A1,threshold,bursting_triplets,500.0,,49.89579734503434,cathodic_first,0.075,60.0,1.1820008629496308,,,,,,,,420.0,fig_7
S05,ArgusI,A1,threshold,bursting_triplets,500.0,,45.97098367983917,cathodic_first,0.075,60.0,2.963488891782075,,,,,,,,420.0,fig_7
S05,ArgusI,A1,threshold,bursting_triplets,500.0,,44.98880197417405,cathodic_first,0.075,60.0,7.4300000000000015,,,,,,,,420.0,fig_7
S06,ArgusI,A2,threshold,bursting_triplets,500.0,,76.961679,cathodic_first,0.075,15.0,0.075,,,,,,,,252.0,fig_7
S06,ArgusI,A2,threshold,bursting_triplets,500.0,,69.46419037593374,cathodic_first,0.075,15.0,0.2524399077253949,,,,,,,,252.0,fig_7
S06,ArgusI,A2,threshold,bursting_triplets,500.0,,56.6688162779187,cathodic_first,0.075,15.0,0.8496787601654119,,,,,,,,252.0,fig_7
S06,ArgusI,A2,threshold,bursting_triplets,500.0,,46.7119244708294,cathodic_first,0.075,15.0,2.859904370831793,,,,,,,,252.0,fig_7
S06,ArgusI,A2,threshold,bursting_triplets,500.0,,50.86513546976405,cathodic_first,0.075,15.0,9.626053273016419,,,,,,,,252.0,fig_7
S06,ArgusI,A2,threshold,bursting_triplets,500.0,,63.59899735898464,cathodic_first,0.075,15.0,32.4,,,,,,,,252.0,fig_7
S06,ArgusI,A2,threshold,bursting_triplets,500.0,,106.28977185627943,cathodic_first,0.075,30.0,0.075,,,,,,,,299.0,fig_7
S06,ArgusI,A2,threshold,bursting_triplets,500.0,,109.68158062728912,cathodic_first,0.075,30.0,0.21852700939321448,,,,,,,,299.0,fig_7
S06,ArgusI,A2,threshold,bursting_triplets,500.0,,70.42063048111113,cathodic_first,0.075,30.0,0.6367207177912271,,,,,,,,299.0,fig_7
S06,ArgusI,A2,threshold,bursting_triplets,500.0,,58.138353090958226,cathodic_first,0.075,30.0,1.8552089903682365,,,,,,,,299.0,fig_7
S06,ArgusI,A2,threshold,bursting_triplets,500.0,,52.25712802804917,cathodic_first,0.075,30.0,5.4055102995276725,,,,,,,,299.0,fig_7
S06,ArgusI,A2,threshold,bursting_triplets,500.0,,63.228369333904354,cathodic_first,0.075,30.0,15.750000000000002,,,,,,,,299.0,fig_7
S06,ArgusI,A2,threshold,bursting_triplets,500.0,,113.35308501598956,cathodic_first,0.075,60.0,0.075,,,,,,,,390.0,fig_7
S06,ArgusI,A2,threshold,bursting_triplets,500.0,,112.13747102152529,cathodic_first,0.075,60.0,0.18803849798299765,,,,,,,,390.0,fig_7
S06,ArgusI,A2,threshold,bursting_triplets,500.0,,110.26181615511156,cathodic_first,0.075,60.0,0.4714463563160242,,,,,,,,390.0,fig_7
S06,ArgusI,A2,threshold,bursting_triplets,500.0,,82.70446635315697,cathodic_first,0.075,60.0,1.1820008629496308,,,,,,,,390.0,fig_7
S06,ArgusI,A2,threshold,bursting_triplets,500.0,,72.81548776198419,cathodic_first,0.075,60.0,2.963488891782075,,,,,,,,390.0,fig_7
S06,ArgusI,A2,threshold,bursting_triplets,500.0,,63.596536945354785,cathodic_first,0.075,60.0,7.4300000000000015,,,,,,,,390.0,fig_7
S05,ArgusI,A1,match,bursting_triplets_supra,500.0,,59.235336335033466,cathodic_first,0.075,15.0,0.075,,bursting_triplets,,50.036014312950286,,0.075,32.4,0.229,fig_s3.6
S05,ArgusI,A1,match,bursting_triplets_supra,500.0,,60.526316,cathodic_first,0.075,15.0,0.2524399077253949,,bursting_triplets,,50.036014312950286,,0.075,32.4,0.229,fig_s3.6
S05,ArgusI,A1,match,bursting_triplets_supra,500.0,,60.408853333785025,cathodic_first,0.075,15.0,0.8496787601654119,,bursting_triplets,,50.036014312950286,,0.075,32.4,0.229,fig_s3.6
S05,ArgusI,A1,match,bursting_triplets_supra,500.0,,46.71701526507145,cathodic_first,0.075,15.0,2.859904370831793,,bursting_triplets,,50.036014312950286,,0.075,32.4,0.229,fig_s3.6
S05,ArgusI,A1,match,bursting_triplets_supra,500.0,,48.04423690244764,cathodic_first,0.075,15.0,9.626053273016419,,bursting_triplets,,50.036014312950286,,0.075,32.4,0.229,fig_s3.6
S05,ArgusI,A1,match,bursting_triplets_supra,500.0,,50.036014312950286,cathodic_first,0.075,15.0,32.4,,bursting_triplets,,50.036014312950286,,0.075,32.4,0.229,fig_s3.6
S05,ArgusI,A1,match,bursting_triplets_supra,500.0,,41.57132971227451,cathodic_first,0.075,30.0,0.075,,bursting_triplets,,36.58849882540783,,0.075,15.750000000000002,0.206,fig_s3.6
S05,ArgusI,A1,match,bursting_triplets_supra,500.0,,44.98808701144909,cathodic_first,0.075,30.0,0.21852700939321448,,bursting_triplets,,36.58849882540783,,0.075,15.750000000000002,0.206,fig_s3.6
S05,ArgusI,A1,match,bursting_triplets_supra,500.0,,37.33633682555232,cathodic_first,0.075,30.0,0.6367207177912271,,bursting_triplets,,36.58849882540783,,0.075,15.750000000000002,0.206,fig_s3.6
S05,ArgusI,A1,match,bursting_triplets_supra,500.0,,36.25443728251062,cathodic_first,0.075,30.0,1.8552089903682365,,bursting_triplets,,36.58849882540783,,0.075,15.750000000000002,0.206,fig_s3.6
S05,ArgusI,A1,match,bursting_triplets_supra,500.0,,41.59588866515143,cathodic_first,0.075,30.0,5.4055102995276725,,bursting_triplets,,36.58849882540783,,0.075,15.750000000000002,0.206,fig_s3.6
S05,ArgusI,A1,match,bursting_triplets_supra,500.0,,36.58849882540783,cathodic_first,0.075,30.0,15.750000000000002,,bursting_triplets,,36.58849882540783,,0.075,15.750000000000002,0.206,fig_s3.6
S05,ArgusI,A1,match,bursting_triplets_supra,500.0,,36.797938323150895,cathodic_first,0.075,60.0,0.075,,bursting_triplets,,35.2484306920775,,0.075,7.4300000000000015,0.205,fig_s3.6
S05,ArgusI,A1,match,bursting_triplets_supra,500.0,,37.15271663882165,cathodic_first,0.075,60.0,0.18803849798299765,,bursting_triplets,,35.2484306920775,,0.075,7.4300000000000015,0.205,fig_s3.6
S05,ArgusI,A1,match,bursting_triplets_supra,500.0,,41.5645135792764,cathodic_first,0.075,60.0,0.4714463563160242,,bursting_triplets,,35.2484306920775,,0.075,7.4300000000000015,0.205,fig_s3.6
S05,ArgusI,A1,match,bursting_triplets_supra,500.0,,35.772694733562716,cathodic_first,0.075,60.0,1.1820008629496308,,bursting_triplets,,35.2484306920775,,0.075,7.4300000000000015,0.205,fig_s3.6
S05,ArgusI,A1,match,bursting_triplets_supra,500.0,,37.42779283903288,cathodic_first,0.075,60.0,2.963488891782075,,bursting_triplets,,35.2484306920775,,0.075,7.4300000000000015,0.205,fig_s3.6
S05,ArgusI,A1,match,bursting_triplets_supra,500.0,,35.2484306920775,cathodic_first,0.075,60.0,7.4300000000000015,,bursting_triplets,,35.2484306920775,,0.075,7.4300000000000015,0.205,fig_s3.6
S06,ArgusI,A2,match,bursting_triplets_supra,500.0,,42.995473710379066,cathodic_first,0.075,15.0,0.075,,bursting_triplets,,38.42795401881389,,0.075,32.4,0.161,fig_s3.6
S06,ArgusI,A2,match,bursting_triplets_supra,500.0,,39.89842388709185,cathodic_first,0.075,15.0,0.2524399077253949,,bursting_triplets,,38.42795401881389,,0.075,32.4,0.161,fig_s3.6
S06,ArgusI,A2,match,bursting_triplets_supra,500.0,,34.285856519008234,cathodic_first,0.075,15.0,0.8496787601654119,,bursting_triplets,,38.42795401881389,,0.075,32.4,0.161,fig_s3.6
S06,ArgusI,A2,match,bursting_triplets_supra,500.0,,37.933330146158646,cathodic_first,0.075,15.0,2.859904370831793,,bursting_triplets,,38.42795401881389,,0.075,32.4,0.161,fig_s3.6
S06,ArgusI,A2,match,bursting_triplets_supra,500.0,,37.317259410717405,cathodic_first,0.075,15.0,9.626053273016419,,bursting_triplets,,38.42795401881389,,0.075,32.4,0.161,fig_s3.6
S06,ArgusI,A2,match,bursting_triplets_supra,500.0,,38.42795401881389,cathodic_first,0.075,15.0,32.4,,bursting_triplets,,38.42795401881389,,0.075,32.4,0.161,fig_s3.6
S06,ArgusI,A2,match,bursting_triplets_supra,500.0,,37.67782501186665,cathodic_first,0.075,30.0,0.075,,bursting_triplets,,36.504686697934105,,0.075,15.750000000000002,0.256,fig_s3.6
S06,ArgusI,A2,match,bursting_triplets_supra,500.0,,36.49609336434029,cathodic_first,0.075,30.0,0.21852700939321448,,bursting_triplets,,36.504686697934105,,0.075,15.750000000000002,0.256,fig_s3.6
S06,ArgusI,A2,match,bursting_triplets_supra,500.0,,35.81986417198683,cathodic_first,0.075,30.0,0.6367207177912271,,bursting_triplets,,36.504686697934105,,0.075,15.750000000000002,0.256,fig_s3.6
S06,ArgusI,A2,match,bursting_triplets_supra,500.0,,37.16307776397306,cathodic_first,0.075,30.0,1.8552089903682365,,bursting_triplets,,36.504686697934105,,0.075,15.750000000000002,0.256,fig_s3.6
S06,ArgusI,A2,match,bursting_triplets_supra,500.0,,36.83693939114258,cathodic_first,0.075,30.0,5.4055102995276725,,bursting_triplets,,36.504686697934105,,0.075,15.750000000000002,0.256,fig_s3.6
S06,ArgusI,A2,match,bursting_triplets_supra,500.0,,36.504686697934105,cathodic_first,0.075,30.0,15.750000000000002,,bursting_triplets,,36.504686697934105,,0.075,15.750000000000002,0.256,fig_s3.6
S06,ArgusI,A2,match,bursting_triplets_supra,500.0,,35.217391,cathodic_first,0.075,60.0,0.075,,bursting_triplets,,33.831721877188514,,0.075,7.4300000000000015,0.337,fig_s3.6
S06,ArgusI,A2,match,bursting_triplets_supra,500.0,,35.217391,cathodic_first,0.075,60.0,0.18803849798299765,,bursting_triplets,,33.831721877188514,,0.075,7.4300000000000015,0.337,fig_s3.6
S06,ArgusI,A2,match,bursting_triplets_supra,500.0,,35.15834407862933,cathodic_first,0.075,60.0,0.4714463563160242,,bursting_triplets,,33.831721877188514,,0.075,7.4300000000000015,0.337,fig_s3.6
S06,ArgusI,A2,match,bursting_triplets_supra,500.0,,33.49649461017003,cathodic_first,0.075,60.0,1.1820008629496308,,bursting_triplets,,33.831721877188514,,0.075,7.4300000000000015,0.337,fig_s3.6
S06,ArgusI,A2,match,bursting_triplets_supra,500.0,,36.0130239644972,cathodic_first,0.075,60.0,2.963488891782075,,bursting_triplets,,33.831721877188514,,0.075,7.4300000000000015,0.337,fig_s3.6
S06,ArgusI,A2,match,bursting_triplets_supra,500.0,,33.831721877188514,cathodic_first,0.075,60.0,7.4300000000000015,,bursting_triplets,,33.831721877188514,,0.075,7.4300000000000015,0.337,fig_s3.6
S05,ArgusI,B3,threshold,latent_addition,500.0,,85.99866213662676,cathodic_first,0.075,,0.15,20.0,single_pulse,,104.413116266903,,0.075,0.075,113.8,fig_s2.2
S05,ArgusI,B3,threshold,latent_addition,500.0,,130.020384691517,cathodic_first,0.075,,0.23,20.0,single_pulse,,104.413116266903,,0.075,0.075,113.8,fig_s2.2
S05,ArgusI,B3,threshold,latent_addition,500.0,,141.68062108661968,cathodic_first,0.075,,0.31,20.0,single_pulse,,104.413116266903,,0.075,0.075,113.8,fig_s2.2
S05,ArgusI,B3,threshold,latent_addition,500.0,,157.16051146923292,cathodic_first,0.075,,0.62,20.0,single_pulse,,104.413116266903,,0.075,0.075,113.8,fig_s2.2
S05,ArgusI,B3,threshold,latent_addition,500.0,,155.60558801469884,cathodic_first,0.075,,1.5,20.0,single_pulse,,104.413116266903,,0.075,0.075,113.8,fig_s2.2
S05,ArgusI,B3,threshold,latent_addition,500.0,,159.72838131414628,cathodic_first,0.075,,3.0,20.0,single_pulse,,104.413116266903,,0.075,0.075,113.8,fig_s2.2
S05,ArgusI,B3,threshold,latent_addition,500.0,,190.18146433708665,cathodic_first,0.075,,6.0,20.0,single_pulse,,104.413116266903,,0.075,0.075,113.8,fig_s2.2
S05,ArgusI,B3,threshold,latent_addition,500.0,,213.71888923961131,cathodic_first,0.075,,12.0,20.0,single_pulse,,104.413116266903,,0.075,0.075,113.8,fig_s2.2
S05,ArgusI,C2,threshold,latent_addition,500.0,,80.7765904972936,cathodic_first,0.075,,0.15,20.0,single_pulse,,115.73230144216494,,0.075,0.075,11.9,fig_s2.2
S05,ArgusI,C2,threshold,latent_addition,500.0,,88.61685828547623,cathodic_first,0.075,,0.23,20.0,single_pulse,,115.73230144216494,,0.075,0.075,11.9,fig_s2.2
S05,ArgusI,C2,threshold,latent_addition,500.0,,91.86647632390765,cathodic_first,0.075,,0.31,20.0,single_pulse,,115.73230144216494,,0.075,0.075,11.9,fig_s2.2
S05,ArgusI,C2,threshold,latent_addition,500.0,,111.21707757960975,cathodic_first,0.075,,0.62,20.0,single_pulse,,115.73230144216494,,0.075,0.075,11.9,fig_s2.2
S05,ArgusI,C2,threshold,latent_addition,500.0,,133.289839874591,cathodic_first,0.075,,1.5,20.0,single_pulse,,115.73230144216494,,0.075,0.075,11.9,fig_s2.2
S05,ArgusI,C2,threshold,latent_addition,500.0,,149.17594024093972,cathodic_first,0.075,,3.0,20.0,single_pulse,,115.73230144216494,,0.075,0.075,11.9,fig_s2.2
S05,ArgusI,C2,threshold,latent_addition,500.0,,153.8721639472554,cathodic_first,0.075,,6.0,20.0,single_pulse,,115.73230144216494,,0.075,0.075,11.9,fig_s2.2
S05,ArgusI,C2,threshold,latent_addition,500.0,,157.27409606392445,cathodic_first,0.075,,12.0,20.0,single_pulse,,115.73230144216494,,0.075,0.075,11.9,fig_s2.2
S06,ArgusI,B1,threshold,latent_addition,500.0,,101.49196940457634,cathodic_first,0.075,,0.15,20.0,single_pulse,,62.02473865336162,,0.075,0.075,415.0,fig_s2.2
S06,ArgusI,B1,threshold,latent_addition,500.0,,106.63884646799603,cathodic_first,0.075,,0.23,20.0,single_pulse,,62.02473865336162,,0.075,0.075,415.0,fig_s2.2
S06,ArgusI,B1,threshold,latent_addition,500.0,,103.90161080240105,cathodic_first,0.075,,0.31,20.0,single_pulse,,62.02473865336162,,0.075,0.075,415.0,fig_s2.2
S06,ArgusI,B1,threshold,latent_addition,500.0,,106.85972225877428,cathodic_first,0.075,,0.62,20.0,single_pulse,,62.02473865336162,,0.075,0.075,415.0,fig_s2.2
S06,ArgusI,B1,threshold,latent_addition,500.0,,106.79316004899451,cathodic_first,0.075,,1.5,20.0,single_pulse,,62.02473865336162,,0.075,0.075,415.0,fig_s2.2
S06,ArgusI,B1,threshold,latent_addition,500.0,,113.32610700616335,cathodic_first,0.075,,3.0,20.0,single_pulse,,62.02473865336162,,0.075,0.075,415.0,fig_s2.2
S06,ArgusI,B1,threshold,latent_addition,500.0,,128.02756588522095,cathodic_first,0.075,,6.0,20.0,single_pulse,,62.02473865336162,,0.075,0.075,415.0,fig_s2.2
S06,ArgusI,B1,threshold,latent_addition,500.0,,131.26472153783362,cathodic_first,0.075,,12.0,20.0,single_pulse,,62.02473865336162,,0.075,0.075,415.0,fig_s2.2
S06,ArgusI,C2,threshold,latent_addition,500.0,,244.21211543680985,cathodic_first,0.075,,0.15,20.0,single_pulse,,191.3941128815789,,0.075,0.075,1620.0,fig_s2.2
S06,ArgusI,C2,threshold,latent_addition,500.0,,243.19322047379254,cathodic_first,0.075,,0.23,20.0,single_pulse,,191.3941128815789,,0.075,0.075,1620.0,fig_s2.2
S06,ArgusI,C2,threshold,latent_addition,500.0,,276.63714669925315,cathodic_first,0.075,,0.31,20.0,single_pulse,,191.3941128815789,,0.075,0.075,1620.0,fig_s2.2
S06,ArgusI,C2,threshold,latent_addition,500.0,,347.330276583956,cathodic_first,0.075,,0.62,20.0,single_pulse,,191.3941128815789,,0.075,0.075,1620.0,fig_s2.2
S06,ArgusI,C2,threshold,latent_addition,500.0,,330.41336375134364,cathodic_first,0.075,,1.5,20.0,single_pulse,,191.3941128815789,,0.075,0.075,1620.0,fig_s2.2
S06,ArgusI,C2,threshold,latent_addition,500.0,,321.7401001175199,cathodic_first,0.075,,3.0,20.0,single_pulse,,191.3941128815789,,0.075,0.075,1620.0,fig_s2.2
S06,ArgusI,C2,threshold,latent_addition,500.0,,391.2427996810897,cathodic_first,0.075,,6.0,20.0,single_pulse,,191.3941128815789,,0.075,0.075,1620.0,fig_s2.2
S06,ArgusI,C2,threshold,latent_addition,500.0,,355.4680435501063,cathodic_first,0.075,,12.0,20.0,single_pulse,,191.3941128815789,,0.075,0.075,1620.0,fig_s2.2
S05,ArgusI,C3,threshold,latent_addition,500.0,,89.12207207515337,cathodic_first,0.075,,0.15,20.0,single_pulse,,89.89637728592163,,0.075,0.075,48.1,fig_s3.2
S05,ArgusI,C3,threshold,latent_addition,500.0,,101.38502006476773,cathodic_first,0.075,,0.23,20.0,single_pulse,,89.89637728592163,,0.075,0.075,48.1,fig_s3.2
S05,ArgusI,C3,threshold,latent_addition,500.0,,103.0206356507791,cathodic_first,0.075,,0.31,20.0,single_pulse,,89.89637728592163,,0.075,0.075,48.1,fig_s3.2
S05,ArgusI,C3,threshold,latent_addition,500.0,,118.51345661296844,cathodic_first,0.075,,0.62,20.0,single_pulse,,89.89637728592163,,0.075,0.075,48.1,fig_s3.2
S05,ArgusI,C3,threshold,latent_addition,500.0,,126.49407947688128,cathodic_first,0.075,,1.5,20.0,single_pulse,,89.89637728592163,,0.075,0.075,48.1,fig_s3.2
S05,ArgusI,C3,threshold,latent_addition,500.0,,127.20692086267964,cathodic_first,0.075,,3.0,20.0,single_pulse,,89.89637728592163,,0.075,0.075,48.1,fig_s3.2
S05,ArgusI,C3,threshold,latent_addition,500.0,,123.59944012224535,cathodic_first,0.075,,6.0,20.0,single_pulse,,89.89637728592163,,0.075,0.075,48.1,fig_s3.2
S05,ArgusI,C3,threshold,latent_addition,500.0,,130.15605873365678,cathodic_first,0.075,,12.0,20.0,single_pulse,,89.89637728592163,,0.075,0.075,48.1,fig_s3.2
S06,ArgusI,B2,threshold,latent_addition,500.0,,139.22840436104045,cathodic_first,0.075,,0.15,20.0,single_pulse,,89.1284809735577,,0.075,0.075,123.5,fig_s3.2
S06,ArgusI,B2,threshold,latent_addition,500.0,,165.1282944228932,cathodic_first,0.075,,0.23,20.0,single_pulse,,89.1284809735577,,0.075,0.075,123.5,fig_s3.2
S06,ArgusI,B2,threshold,latent_addition,500.0,,157.34058661438826,cathodic_first,0.075,,0.31,20.0,single_pulse,,89.1284809735577,,0.075,0.075,123.5,fig_s3.2
S06,ArgusI,B2,threshold,latent_addition,500.0,,167.46006976039632,cathodic_first,0.075,,0.62,20.0,single_pulse,,89.1284809735577,,0.075,0.075,123.5,fig_s3.2
S06,ArgusI,B2,threshold,latent_addition,500.0,,169.24822338517768,cathodic_first,0.075,,1.5,20.0,single_pulse,,89.1284809735577,,0.075,0.075,123.5,fig_s3.2
S06,ArgusI,B2,threshold,latent_addition,500.0,,181.3850914314299,cathodic_first,0.075,,3.0,20.0,single_pulse,,89.1284809735577,,0.075,0.075,123.5,fig_s3.2
S06,ArgusI,B2,threshold,latent_addition,500.0,,152.37327112022746,cathodic_first,0.075,,6.0,20.0,single_pulse,,89.1284809735577,,0.075,0.075,123.5,fig_s3.2
S06,ArgusI,B2,threshold,latent_addition,500.0,,173.30751301084862,cathodic_first,0.075,,12.0,20.0,single_pulse,,89.1284809735577,,0.075,0.075,123.5,fig_s3.2
S06,ArgusI,A1,threshold,latent_addition,500.0,,61.81202994643019,cathodic_first,0.075,,0.15,20.0,single_pulse,,43.29125471726384,,0.075,0.075,10.6,fig_s3.2
S06,ArgusI,A1,threshold,latent_addition,500.0,,65.08314609920957,cathodic_first,0.075,,0.23,20.0,single_pulse,,43.29125471726384,,0.075,0.075,10.6,fig_s3.2
S06,ArgusI,A1,threshold,latent_addition,500.0,,73.83934539682541,cathodic_first,0.075,,0.31,20.0,single_pulse,,43.29125471726384,,0.075,0.075,10.6,fig_s3.2
S06,ArgusI,A1,threshold,latent_addition,500.0,,81.22353815454817,cathodic_first,0.075,,0.62,20.0,single_pulse,,43.29125471726384,,0.075,0.075,10.6,fig_s3.2
S06,ArgusI,A1,threshold,latent_addition,500.0,,81.69533684188728,cathodic_first,0.075,,1.5,20.0,single_pulse,,43.29125471726384,,0.075,0.075,10.6,fig_s3.2
S06,ArgusI,A1,threshold,latent_addition,500.0,,80.83704504120556,cathodic_first,0.075,,3.0,20.0,single_pulse,,43.29125471726384,,0.075,0.075,10.6,fig_s3.2
S06,ArgusI,A1,threshold,latent_addition,500.0,,86.52853519267195,cathodic_first,0.075,,6.0,20.0,single_pulse,,43.29125471726384,,0.075,0.075,10.6,fig_s3.2
S06,ArgusI,A1,threshold,latent_addition,500.0,,86.04214514687685,cathodic_first,0.075,,12.0,20.0,single_pulse,,43.29125471726384,,0.075,0.075,10.6,fig_s3.2
S06,ArgusI,D1,threshold,latent_addition,500.0,,189.4778717801833,cathodic_first,0.075,,0.15,20.0,single_pulse,,222.94015583825905,,0.075,0.075,147.0,fig_s3.2
S06,ArgusI,D1,threshold,latent_addition,500.0,,261.4966795423915,cathodic_first,0.075,,0.23,20.0,single_pulse,,222.94015583825905,,0.075,0.075,147.0,fig_s3.2
S06,ArgusI,D1,threshold,latent_addition,500.0,,337.16845215001126,cathodic_first,0.075,,0.31,20.0,single_pulse,,222.94015583825905,,0.075,0.075,147.0,fig_s3.2
S06,ArgusI,D1,threshold,latent_addition,500.0,,338.2571014360613,cathodic_first,0.075,,0.62,20.0,single_pulse,,222.94015583825905,,0.075,0.075,147.0,fig_s3.2
S06,ArgusI,D1,threshold,latent_addition,500.0,,358.580058013174,cathodic_first,0.075,,1.5,20.0,single_pulse,,222.94015583825905,,0.075,0.075,147.0,fig_s3.2
S06,ArgusI,D1,threshold,latent_addition,500.0,,343.2894179976687,cathodic_first,0.075,,3.0,20.0,single_pulse,,222.94015583825905,,0.075,0.075,147.0,fig_s3.2
S06,ArgusI,D1,threshold,latent_addition,500.0,,442.38812905324636,cathodic_first,0.075,,6.0,20.0,single_pulse,,222.94015583825905,,0.075,0.075,147.0,fig_s3.2
S06,ArgusI,D1,threshold,latent_addition,500.0,,495.8710599719818,cathodic_first,0.075,,12.0,20.0,single_pulse,,222.94015583825905,,0.075,0.075,147.0,fig_s3.2
